size,recipe,n_train,rate_train,lift_train,n_val,rate_val,lift_val,n_test,rate_test,lift_test,avg_oos_rate,min_oos_rate
4,atr_14_q1 & macd_hist_q1 & range_20_q1 & vol_5_20_q4,79,0.22784810126582278,2.491308016877637,27,0.2962962962962963,3.398665746491833,40,0.275,2.8558885754583923,0.28564814814814815,0.275
4,bb_width_q1 & dist_ema200_q1 & pos_in_range_20_q1 & vol_5_20_q4,82,0.17073170731707318,1.8667931345980129,44,0.2727272727272727,3.1283173348390734,31,0.3225806451612903,3.3500159242913687,0.2976539589442815,0.2727272727272727
4,atr_14_q1 & bb_width_q1 & macd_hist_q1 & vol_5_20_q4,83,0.2289156626506024,2.5029808121374386,28,0.2857142857142857,3.2772848269742676,45,0.26666666666666666,2.7693464974141984,0.2761904761904762,0.26666666666666666
4,atr_ratio_q2 & bb_pos_q1 & bb_width_q1 & vol_5_20_q4,99,0.1919191919191919,2.098458660680883,40,0.25,2.8676242236024843,37,0.24324324324324326,2.5260930888575457,0.24662162162162163,0.24324324324324326
4,bb_pos_q1 & bb_width_q1 & dist_ema200_q1 & vol_5_20_q4,99,0.18181818181818182,1.988013468013468,51,0.23529411764705882,2.6989404457435144,37,0.2702702702702703,2.8067700987306066,0.2527821939586645,0.23529411764705882
4,atr_ratio_q2 & bb_width_q1 & pos_in_range_20_q1 & vol_5_20_q4,91,0.2087912087912088,2.282938542938543,37,0.24324324324324326,2.7901208662078227,34,0.23529411764705882,2.4435410271301747,0.23926868044515104,0.23529411764705882
4,bb_width_q1 & macd_hist_q1 & rsi_14_q1 & vol_5_20_q4,71,0.2676056338028169,2.9260198226395406,40,0.225,2.5808618012422357,45,0.24444444444444444,2.5385676226296816,0.23472222222222222,0.225
4,atr_ratio_q2 & bb_pos_q1 & bb_width_q1 & sess_overlap_1,97,0.1958762886597938,2.1417258495609013,36,0.2222222222222222,2.548999309868875,32,0.21875,2.2717295486600846,0.2204861111111111,0.21875
4,atr_ratio_q2 & bb_pos_q1 & bb_width_q1 & h_3,97,0.1958762886597938,2.1417258495609013,36,0.2222222222222222,2.548999309868875,32,0.21875,2.2717295486600846,0.2204861111111111,0.21875
4,bb_width_q1 & dist_ema200_q1 & sess_ny_0 & vol_5_20_q4,93,0.23655913978494625,2.5865551573078456,38,0.21052631578947367,2.4148414514547234,38,0.21052631578947367,2.1863261821691036,0.21052631578947367,0.21052631578947367
4,bb_width_q1 & macd_hist_q1 & sess_london_1 & vol_5_20_q4,139,0.20863309352517986,2.2812096989075408,64,0.203125,2.3299446816770186,52,0.21153846153846154,2.1968373657372244,0.20733173076923078,0.203125
4,atr_ratio_q2 & bb_pos_q1 & range_20_q1 & vol_5_20_q4,96,0.16666666666666666,1.8223456790123456,45,0.2,2.2940993788819877,39,0.2564102564102564,2.662833170590575,0.2282051282051282,0.2
4,atr_ratio_q2 & bb_pos_q1 & range_20_q1 & sess_overlap_1,97,0.17525773195876287,1.9162810232913325,40,0.2,2.2940993788819877,36,0.2222222222222222,2.307788747845165,0.2111111111111111,0.2
4,atr_ratio_q2 & bb_pos_q1 & h_3 & range_20_q1,97,0.17525773195876287,1.9162810232913325,40,0.2,2.2940993788819877,36,0.2222222222222222,2.307788747845165,0.2111111111111111,0.2
4,atr_ratio_q1 & dow_4 & sess_london_1 & vol_5_20_q2,132,0.16666666666666666,1.8223456790123456,60,0.21666666666666667,2.485274327122153,60,0.2,2.077009873060649,0.20833333333333334,0.2
4,bb_width_q1 & macd_hist_q1 & pos_in_range_20_q1 & vol_5_20_q4,105,0.19047619047619047,2.0826807760141093,50,0.2,2.2940993788819877,55,0.2,2.077009873060649,0.2,0.2
4,atr_ratio_q1 & dist_ema200_q1 & pos_in_range_20_q1 & sess_london_1,236,0.1483050847457627,1.6215787821720025,102,0.19607843137254902,2.2491170381195955,92,0.1956521739130435,2.031857484515852,0.19586530264279625,0.1956521739130435
3,bb_pos_q1 & h_2 & vol_5_20_q4,188,0.20212765957446807,2.210078802206462,67,0.19402985074626866,2.2256188004078985,92,0.1956521739130435,2.031857484515852,0.19484101232965606,0.19402985074626866
4,bb_pos_q1 & h_2 & sess_london_1 & vol_5_20_q4,188,0.20212765957446807,2.210078802206462,67,0.19402985074626866,2.2256188004078985,92,0.1956521739130435,2.031857484515852,0.19484101232965606,0.19402985074626866
4,bb_pos_q1 & h_2 & sess_ny_0 & vol_5_20_q4,188,0.20212765957446807,2.210078802206462,67,0.19402985074626866,2.2256188004078985,92,0.1956521739130435,2.031857484515852,0.19484101232965606,0.19402985074626866
4,bb_pos_q1 & bb_width_q1 & macd_hist_q1 & vol_5_20_q4,127,0.1968503937007874,2.1523767862350542,57,0.19298245614035087,2.2136046638334963,60,0.23333333333333334,2.4231781852374237,0.2131578947368421,0.19298245614035087
4,atr_14_q1 & dow_3 & h_1 & vol_5_20_q2,98,0.17346938775510204,1.896727135298564,26,0.19230769230769232,2.2058647873865267,32,0.25,2.596262341325811,0.22115384615384615,0.19230769230769232
4,bb_pos_q1 & dist_ema200_q1 & h_2 & vol_5_20_q4,90,0.2111111111111111,2.3083045267489712,26,0.23076923076923078,2.6470377448638316,47,0.19148936170212766,1.9886264742070041,0.21112929623567922,0.19148936170212766
4,atr_ratio_q2 & pos_in_range_20_q1 & range_20_q1 & vol_5_20_q4,90,0.17777777777777778,1.9438353909465023,42,0.19047619047619047,2.1848565513161784,37,0.24324324324324326,2.5260930888575457,0.21685971685971686,0.19047619047619047
4,atr_14_q1 & pos_in_range_20_q1 & range_20_q1 & vol_5_20_q4,96,0.20833333333333334,2.277932098765432,42,0.19047619047619047,2.1848565513161784,60,0.23333333333333334,2.4231781852374237,0.2119047619047619,0.19047619047619047
4,atr_14_q1 & bb_width_q1 & pos_in_range_20_q1 & vol_5_20_q4,101,0.2079207920792079,2.2734213421342133,42,0.19047619047619047,2.1848565513161784,65,0.23076923076923078,2.3965498535315177,0.21062271062271062,0.19047619047619047
4,dow_4 & range_20_q1 & rsi_14_q1 & sess_london_1,68,0.27941176470588236,3.0551089324618736,35,0.2,2.2940993788819877,42,0.19047619047619047,1.9781046410101415,0.19523809523809524,0.19047619047619047
4,dist_ema200_q1 & h_2 & pos_in_range_20_q1 & vol_5_20_q4,75,0.2,2.186814814814815,21,0.19047619047619047,2.1848565513161784,42,0.19047619047619047,1.9781046410101415,0.19047619047619047,0.19047619047619047
4,atr_ratio_q1 & bb_pos_q1 & dist_ema200_q1 & sess_london_1,241,0.15352697095435686,1.6786752727831566,100,0.2,2.2940993788819877,90,0.18888888888888888,1.9616204356683904,0.19444444444444445,0.18888888888888888
4,bb_pos_q1 & bb_width_q1 & sess_overlap_1 & vol_5_20_q4,119,0.15966386554621848,1.7457765328353563,69,0.18840579710144928,2.1611081105410026,37,0.1891891891891892,1.9647390691114246,0.18879749314531924,0.18840579710144928
4,bb_pos_q1 & bb_width_q1 & h_3 & vol_5_20_q4,119,0.15966386554621848,1.7457765328353563,69,0.18840579710144928,2.1611081105410026,37,0.1891891891891892,1.9647390691114246,0.18879749314531924,0.18840579710144928
4,atr_ratio_q1 & dist_ema200_q1 & h_2 & rsi_14_q1,135,0.16296296296296298,1.781849108367627,64,0.1875,2.1507181677018634,47,0.23404255319148937,2.430543468475227,0.21077127659574468,0.1875
4,atr_ratio_q2 & bb_pos_q1 & bb_width_q1 & sess_london_1,161,0.18633540372670807,2.0374051069703243,62,0.22580645161290322,2.5901122019635343,48,0.1875,1.9471967559943582,0.20665322580645162,0.1875
4,atr_14_q1 & macd_hist_q1 & pos_in_range_20_q1 & vol_5_20_q4,80,0.225,2.460166666666667,48,0.1875,2.1507181677018634,47,0.19148936170212766,1.9886264742070041,0.18949468085106383,0.1875
4,atr_ratio_q1 & dist_ema200_q1 & macd_hist_q1 & sess_london_1,105,0.17142857142857143,1.8744126984126985,44,0.20454545454545456,2.3462380011293056,59,0.1864406779661017,1.9361956443785708,0.19549306625577811,0.1864406779661017
4,atr_14_q1 & dist_ema200_q1 & range_20_q1 & vol_5_20_q4,83,0.1927710843373494,2.107773315484159,43,0.18604651162790697,2.134045933843709,38,0.21052631578947367,2.1863261821691036,0.19828641370869032,0.18604651162790697
3,atr_14_q1 & macd_hist_q1 & vol_5_20_q4,138,0.1956521739130435,2.1392753623188407,70,0.18571428571428572,2.130235137533274,66,0.19696969696969696,2.0455400264991237,0.19134199134199134,0.18571428571428572
4,atr_ratio_q2 & pos_in_range_20_q1 & sess_ny_0 & vol_5_20_q4,70,0.18571428571428572,2.0306137566137568,27,0.18518518518518517,2.1241660915573957,37,0.1891891891891892,1.9647390691114246,0.1871871871871872,0.18518518518518517
4,bb_pos_q1 & bb_width_q1 & dist_ema200_q1 & sess_london_1,188,0.19680851063829788,2.1519188337273443,87,0.1839080459770115,2.10951667023631,50,0.2,2.077009873060649,0.19195402298850575,0.1839080459770115
4,atr_ratio_q1 & dist_ema200_q1 & rsi_14_q1 & sess_london_1,203,0.1477832512315271,1.6158730158730161,98,0.1836734693877551,2.1068259601977437,84,0.2261904761904762,2.348999261199543,0.20493197278911565,0.1836734693877551
4,bb_pos_q1 & sess_london_1 & sess_ny_0 & vol_5_20_q4,204,0.19607843137254902,2.143936092955701,74,0.20270270270270271,2.3251007218398523,109,0.1834862385321101,1.9055136450097696,0.19309447061740642,0.1834862385321101
4,macd_hist_q1 & range_20_q1 & sess_london_1 & vol_5_20_q4,131,0.19083969465648856,2.0866553576477243,60,0.18333333333333332,2.1029244306418216,55,0.2,2.077009873060649,0.19166666666666665,0.18333333333333332
4,atr_ratio_q1 & bb_pos_q1 & dist_ema200_q1 & h_2,158,0.17088607594936708,1.8684810126582279,66,0.18181818181818182,2.085544889892716,51,0.23529411764705882,2.4435410271301747,0.20855614973262032,0.18181818181818182
4,bb_width_q1 & pos_in_range_20_q1 & rsi_14_q1 & vol_5_20_q4,102,0.27450980392156865,3.0015105301379816,66,0.18181818181818182,2.085544889892716,65,0.23076923076923078,2.3965498535315177,0.2062937062937063,0.18181818181818182
4,atr_ratio_q2 & h_2 & macd_hist_q1 & rsi_14_q1,121,0.15702479338842976,1.7169207223752678,63,0.2222222222222222,2.548999309868875,55,0.18181818181818182,1.8881907936914988,0.20202020202020202,0.18181818181818182
4,atr_ratio_q1 & dist_ema200_q1 & h_2 & pos_in_range_20_q1,156,0.16666666666666666,1.8223456790123456,66,0.18181818181818182,2.085544889892716,51,0.21568627450980393,2.2399126082026606,0.19875222816399288,0.18181818181818182
3,atr_ratio_q1 & bb_pos_q1 & h_2,357,0.17086834733893558,1.8682871667185394,155,0.1870967741935484,2.146092967341214,127,0.18110236220472442,1.8807569716690915,0.18409956819913642,0.18110236220472442
4,atr_ratio_q1 & bb_pos_q1 & h_2 & sess_london_1,357,0.17086834733893558,1.8682871667185394,155,0.1870967741935484,2.146092967341214,127,0.18110236220472442,1.8807569716690915,0.18409956819913642,0.18110236220472442
4,atr_ratio_q1 & bb_pos_q1 & h_2 & sess_ny_0,357,0.17086834733893558,1.8682871667185394,155,0.1870967741935484,2.146092967341214,127,0.18110236220472442,1.8807569716690915,0.18409956819913642,0.18110236220472442
3,dist_ema200_q1 & h_2 & macd_hist_q1,179,0.18994413407821228,2.076863231947031,83,0.18072289156626506,2.072981366459627,96,0.19791666666666666,2.0553743535496003,0.18931977911646586,0.18072289156626506
4,dist_ema200_q1 & h_2 & macd_hist_q1 & sess_london_1,179,0.18994413407821228,2.076863231947031,83,0.18072289156626506,2.072981366459627,96,0.19791666666666666,2.0553743535496003,0.18931977911646586,0.18072289156626506
4,dist_ema200_q1 & h_2 & macd_hist_q1 & sess_ny_0,179,0.18994413407821228,2.076863231947031,83,0.18072289156626506,2.072981366459627,96,0.19791666666666666,2.0553743535496003,0.18931977911646586,0.18072289156626506
4,bb_pos_q1 & bb_width_q1 & rsi_14_q1 & sess_london_1,284,0.19718309859154928,2.156014606155451,144,0.18055555555555555,2.071061939268461,114,0.20175438596491227,2.0952292579120577,0.1911549707602339,0.18055555555555555
4,atr_14_q1 & bb_pos_q1 & bb_width_q1 & vol_5_20_q4,128,0.234375,2.5626736111111112,50,0.18,2.0646894409937886,72,0.25,2.596262341325811,0.215,0.18
4,bb_pos_q1 & dist_ema200_q1 & range_20_q1 & vol_5_20_q4,91,0.17582417582417584,1.9224745624745627,50,0.18,2.0646894409937886,41,0.24390243902439024,2.532938869586157,0.21195121951219512,0.18
3,atr_ratio_q2 & bb_width_q1 & sess_overlap_1,329,0.1519756838905775,1.6617133851176404,128,0.1796875,2.0611049107142856,128,0.1796875,1.8660635578279265,0.1796875,0.1796875
3,atr_ratio_q2 & bb_width_q1 & h_3,329,0.1519756838905775,1.6617133851176404,128,0.1796875,2.0611049107142856,128,0.1796875,1.8660635578279265,0.1796875,0.1796875
4,atr_ratio_q2 & bb_width_q1 & sess_london_1 & sess_overlap_1,329,0.1519756838905775,1.6617133851176404,128,0.1796875,2.0611049107142856,128,0.1796875,1.8660635578279265,0.1796875,0.1796875
4,atr_ratio_q2 & bb_width_q1 & h_3 & sess_london_1,329,0.1519756838905775,1.6617133851176404,128,0.1796875,2.0611049107142856,128,0.1796875,1.8660635578279265,0.1796875,0.1796875
4,atr_ratio_q2 & bb_width_q1 & h_3 & sess_overlap_1,329,0.1519756838905775,1.6617133851176404,128,0.1796875,2.0611049107142856,128,0.1796875,1.8660635578279265,0.1796875,0.1796875
3,bb_pos_q1 & bb_width_q1 & sess_london_1,547,0.1663619744058501,1.8190141512627802,238,0.18907563025210083,2.1687914296153243,195,0.1794871794871795,1.8639832194134027,0.18428140486964018,0.1794871794871795
4,atr_14_q1 & dist_ema200_q1 & range_20_q1 & rsi_14_q1,110,0.22727272727272727,2.485016835016835,67,0.1791044776119403,2.054417354222675,42,0.21428571428571427,2.225367721136409,0.19669509594882728,0.1791044776119403
4,atr_ratio_q2 & range_20_q1 & sess_overlap_1 & vol_5_20_q4,170,0.14705882352941177,1.6079520697167757,62,0.1935483870967742,2.2200961731116005,56,0.17857142857142858,1.8544731009470077,0.18605990783410137,0.17857142857142858
4,atr_ratio_q2 & h_3 & range_20_q1 & vol_5_20_q4,170,0.14705882352941177,1.6079520697167757,62,0.1935483870967742,2.2200961731116005,56,0.17857142857142858,1.8544731009470077,0.18605990783410137,0.17857142857142858
4,atr_ratio_q2 & bb_width_q1 & range_20_q1 & sess_overlap_1,297,0.15488215488215487,1.693492954233695,112,0.17857142857142858,2.0483030168589176,117,0.1794871794871795,1.8639832194134027,0.17902930402930403,0.17857142857142858
4,atr_ratio_q2 & bb_width_q1 & h_3 & range_20_q1,297,0.15488215488215487,1.693492954233695,112,0.17857142857142858,2.0483030168589176,117,0.1794871794871795,1.8639832194134027,0.17902930402930403,0.17857142857142858
4,dist_ema200_q1 & range_20_q1 & sess_ny_0 & vol_5_20_q4,89,0.21348314606741572,2.334240532667499,35,0.2,2.2940993788819877,45,0.17777777777777778,1.8462309982761322,0.18888888888888888,0.17777777777777778
4,atr_14_q1 & bb_width_q1 & dist_ema200_q1 & vol_5_20_q4,80,0.2375,2.5968425925925924,45,0.17777777777777778,2.0391994478951,38,0.18421052631578946,1.9130354093979658,0.18099415204678362,0.17777777777777778
4,atr_ratio_q1 & pos_in_range_20_q1 & range_20_q1 & sess_ny_0,321,0.16822429906542055,1.8393769470404984,152,0.17763157894736842,2.037522474664923,168,0.17857142857142858,1.8544731009470077,0.17810150375939848,0.17763157894736842
4,bb_pos_q1 & h_2 & rsi_14_q1 & vol_5_20_q4,132,0.19696969696969696,2.1536812570145902,57,0.19298245614035087,2.2136046638334963,79,0.17721518987341772,1.8403884951170304,0.1850988230068843,0.17721518987341772
4,atr_14_q1 & bb_pos_q1 & range_20_q1 & vol_5_20_q4,120,0.23333333333333334,2.551283950617284,51,0.17647058823529413,2.024205334307636,67,0.2537313432835821,2.6350125255247034,0.2151009657594381,0.17647058823529413
4,macd_hist_q1 & range_20_q1 & sess_ny_0 & vol_5_20_q4,72,0.2361111111111111,2.581656378600823,34,0.17647058823529413,2.024205334307636,29,0.2413793103448276,2.5067360536938863,0.20892494929006086,0.17647058823529413
4,bb_width_q1 & macd_hist_q1 & sess_ny_0 & vol_5_20_q4,80,0.25,2.7335185185185185,34,0.17647058823529413,2.024205334307636,34,0.23529411764705882,2.4435410271301747,0.20588235294117646,0.17647058823529413
4,bb_width_q1 & dist_ema200_q1 & rsi_14_q1 & sess_london_1,110,0.24545454545454545,2.683818181818182,59,0.2033898305084746,2.3329824192020214,34,0.17647058823529413,1.8326557703476314,0.18993020937188437,0.17647058823529413
3,atr_ratio_q1 & bb_pos_q1 & vol_5_20_q2,245,0.16326530612244897,1.7851549508692366,105,0.18095238095238095,2.0756137237503696,136,0.17647058823529413,1.8326557703476314,0.17871148459383754,0.17647058823529413
4,dist_ema200_q1 & h_2 & macd_hist_q1 & rsi_14_q1,164,0.18902439024390244,2.066806684733514,77,0.19480519480519481,2.23451238202791,91,0.17582417582417584,1.8259427455478232,0.1853146853146853,0.17582417582417584
4,bb_pos_q1 & dist_ema200_q1 & h_2 & macd_hist_q1,170,0.18823529411764706,2.058178649237473,81,0.18518518518518517,2.1241660915573957,91,0.17582417582417584,1.8259427455478232,0.1805046805046805,0.17582417582417584
3,atr_ratio_q1 & bb_pos_q1 & sess_london_1,539,0.16512059369202226,1.8054408025836597,241,0.1825726141078838,2.094198603128785,205,0.17560975609756097,1.823715986102033,0.17909118510272237,0.17560975609756097
4,dow_3 & rsi_14_q1 & sess_london_1 & sess_ny_0,156,0.17307692307692307,1.8924358974358975,57,0.17543859649122806,2.0123678762122696,104,0.23076923076923078,2.3965498535315177,0.20310391363022942,0.17543859649122806
4,atr_14_q1 & bb_pos_q1 & bb_width_q1 & sess_london_1,342,0.18421052631578946,2.0141715399610134,137,0.17518248175182483,2.009430112889332,117,0.1794871794871795,1.8639832194134027,0.17733483061950217,0.17518248175182483
4,atr_ratio_q2 & dow_3 & rsi_14_q1 & sess_london_1,73,0.2465753424657534,2.6960730593607307,23,0.30434782608695654,3.4910207939508506,40,0.175,1.8173836389280675,0.23967391304347826,0.175
4,atr_14_q1 & dist_ema200_q1 & pos_in_range_20_q1 & range_20_q1,142,0.23943661971830985,2.618017736045905,80,0.175,2.0073369565217387,58,0.25862068965517243,2.6857886289577357,0.2168103448275862,0.175
4,atr_14_q1 & bb_pos_q1 & bb_width_q1 & rsi_14_q1,290,0.20344827586206896,2.2245185185185186,143,0.17482517482517482,2.0053316248968422,166,0.18072289156626506,1.876816150356008,0.17777403319571994,0.17482517482517482
3,bb_pos_q1 & h_2 & macd_hist_q1,430,0.18604651162790697,2.0342463393626184,201,0.19402985074626866,2.2256188004078985,246,0.17479674796747968,1.8152728565367457,0.18441329935687417,0.17479674796747968
4,bb_pos_q1 & h_2 & macd_hist_q1 & sess_london_1,430,0.18604651162790697,2.0342463393626184,201,0.19402985074626866,2.2256188004078985,246,0.17479674796747968,1.8152728565367457,0.18441329935687417,0.17479674796747968
4,bb_pos_q1 & h_2 & macd_hist_q1 & sess_ny_0,430,0.18604651162790697,2.0342463393626184,201,0.19402985074626866,2.2256188004078985,246,0.17479674796747968,1.8152728565367457,0.18441329935687417,0.17479674796747968
4,atr_14_q1 & bb_pos_q1 & bb_width_q1 & dist_ema200_q1,155,0.25161290322580643,2.751154121863799,92,0.17391304347826086,1.9948690251147716,56,0.25,2.596262341325811,0.21195652173913043,0.17391304347826086
4,bb_width_q1 & dist_ema200_q1 & pos_in_range_20_q1 & sess_london_1,164,0.20121951219512196,2.200149051490515,73,0.1780821917808219,2.0426912277716327,46,0.17391304347826086,1.8060955417918683,0.1759976176295414,0.17391304347826086
4,bb_pos_q1 & bb_width_q1 & rsi_14_q1 & vol_5_20_q4,119,0.2605042016806723,2.8483722377840026,75,0.17333333333333334,1.9882194616977225,75,0.24,2.4924118476727783,0.20666666666666667,0.17333333333333334
4,bb_pos_q1 & h_2 & pos_in_range_20_q1 & vol_5_20_q4,151,0.18543046357615894,2.0275104243316164,52,0.19230769230769232,2.2058647873865267,75,0.17333333333333334,1.800075223319229,0.18282051282051281,0.17333333333333334
4,dist_ema200_q1 & h_2 & macd_hist_q1 & pos_in_range_20_q1,156,0.20512820512820512,2.2428869895536563,75,0.17333333333333334,1.9882194616977225,88,0.18181818181818182,1.8881907936914988,0.17757575757575758,0.17333333333333334
4,bb_width_q1 & pos_in_range_20_q1 & rsi_14_q1 & sess_overlap_1,89,0.19101123595505617,2.0885310029130255,52,0.17307692307692307,1.9852783086478736,49,0.20408163265306123,2.1193978296537233,0.18857927786499215,0.17307692307692307
4,bb_width_q1 & h_3 & pos_in_range_20_q1 & rsi_14_q1,89,0.19101123595505617,2.0885310029130255,52,0.17307692307692307,1.9852783086478736,49,0.20408163265306123,2.1193978296537233,0.18857927786499215,0.17307692307692307
3,atr_ratio_q2 & range_20_q1 & sess_overlap_1,334,0.1407185628742515,1.5386271900643158,142,0.19014084507042253,2.1810099728807626,133,0.17293233082706766,1.7959107924960496,0.1815365879487451,0.17293233082706766
3,atr_ratio_q2 & h_3 & range_20_q1,334,0.1407185628742515,1.5386271900643158,142,0.19014084507042253,2.1810099728807626,133,0.17293233082706766,1.7959107924960496,0.1815365879487451,0.17293233082706766
4,atr_ratio_q2 & range_20_q1 & sess_london_1 & sess_overlap_1,334,0.1407185628742515,1.5386271900643158,142,0.19014084507042253,2.1810099728807626,133,0.17293233082706766,1.7959107924960496,0.1815365879487451,0.17293233082706766
4,atr_ratio_q2 & h_3 & range_20_q1 & sess_london_1,334,0.1407185628742515,1.5386271900643158,142,0.19014084507042253,2.1810099728807626,133,0.17293233082706766,1.7959107924960496,0.1815365879487451,0.17293233082706766
4,atr_ratio_q2 & h_3 & range_20_q1 & sess_overlap_1,334,0.1407185628742515,1.5386271900643158,142,0.19014084507042253,2.1810099728807626,133,0.17293233082706766,1.7959107924960496,0.1815365879487451,0.17293233082706766
4,bb_width_q1 & macd_hist_q1 & range_20_q1 & vol_5_20_q4,174,0.1839080459770115,2.0108641975308643,68,0.20588235294117646,2.3615728900255752,81,0.1728395061728395,1.7949468038795728,0.18936092955700798,0.1728395061728395
3,bb_pos_q1 & dist_ema200_q1 & h_2,309,0.18770226537216828,2.052350473450797,131,0.17557251908396945,2.013904034896401,139,0.17266187050359713,1.793102048685452,0.1741171947937833,0.17266187050359713
4,bb_pos_q1 & dist_ema200_q1 & h_2 & sess_london_1,309,0.18770226537216828,2.052350473450797,131,0.17557251908396945,2.013904034896401,139,0.17266187050359713,1.793102048685452,0.1741171947937833,0.17266187050359713
4,bb_pos_q1 & dist_ema200_q1 & h_2 & sess_ny_0,309,0.18770226537216828,2.052350473450797,131,0.17557251908396945,2.013904034896401,139,0.17266187050359713,1.793102048685452,0.1741171947937833,0.17266187050359713
4,atr_14_q1 & bb_pos_q1 & dist_ema200_q1 & range_20_q1,152,0.23684210526315788,2.5896491228070175,87,0.1724137931034483,1.977671878346541,55,0.2545454545454545,2.643467111168098,0.2134796238244514,0.1724137931034483
4,atr_14_q1 & macd_hist_q1 & sess_london_1 & vol_5_20_q4,110,0.22727272727272727,2.485016835016835,58,0.1724137931034483,1.977671878346541,40,0.25,2.596262341325811,0.21120689655172414,0.1724137931034483
4,bb_pos_q1 & dow_3 & sess_ny_0 & vol_5_20_q2,114,0.16666666666666666,1.8223456790123456,47,0.2127659574468085,2.4405312541297737,87,0.1724137931034483,1.7905257526384903,0.19258987527512839,0.1724137931034483
4,atr_ratio_q1 & bb_pos_q1 & rsi_14_q1 & sess_london_1,372,0.16129032258064516,1.7635603345280764,174,0.1724137931034483,1.977671878346541,162,0.20987654320987653,2.179578261853767,0.1911451681566624,0.1724137931034483
4,atr_ratio_q1 & bb_pos_q1 & h_2 & rsi_14_q1,256,0.15625,1.708449074074074,116,0.1724137931034483,1.977671878346541,102,0.20588235294117646,2.138098398738903,0.18914807302231237,0.1724137931034483
3,bb_width_q1 & macd_hist_q1 & vol_5_20_q4,203,0.18226600985221675,1.992910052910053,82,0.1951219512195122,2.238145735494622,87,0.1724137931034483,1.7905257526384903,0.18376787216148024,0.1724137931034483
4,atr_14_q1 & bb_width_q1 & macd_hist_q1 & range_20_q1,308,0.17532467532467533,1.917012987012987,128,0.171875,1.971491653726708,140,0.17857142857142858,1.8544731009470077,0.1752232142857143,0.171875
4,bb_pos_q1 & bb_width_q1 & sess_london_1 & vol_5_20_q4,211,0.1943127962085308,2.124630507284536,105,0.17142857142857143,1.9663708961845607,65,0.26153846153846155,2.716089834002387,0.2164835164835165,0.17142857142857143
4,atr_14_q1 & bb_width_q1 & dist_ema200_q1 & rsi_14_q1,108,0.25,2.7335185185185185,70,0.17142857142857143,1.9663708961845607,40,0.225,2.33663610719323,0.19821428571428573,0.17142857142857143
4,bb_pos_q1 & h_2 & macd_hist_q1 & rsi_14_q1,362,0.17955801104972377,1.9633005934110908,174,0.20114942528735633,2.3072838580709645,210,0.17142857142857143,1.7802941769091274,0.18628899835796386,0.17142857142857143
4,bb_pos_q1 & h_2 & macd_hist_q1 & vol_5_20_q4,131,0.20610687022900764,2.2535877862595424,50,0.2,2.2940993788819877,70,0.17142857142857143,1.7802941769091274,0.18571428571428572,0.17142857142857143
4,atr_ratio_q2 & bb_pos_q1 & dist_ema200_q1 & h_2,92,0.1956521739130435,2.1392753623188407,35,0.17142857142857143,1.9663708961845607,32,0.1875,1.9471967559943582,0.17946428571428572,0.17142857142857143
4,atr_14_q1 & bb_width_q1 & dist_ema200_q1 & pos_in_range_20_q1,139,0.26618705035971224,2.9105089261923798,82,0.17073170731707318,1.9583775185577943,58,0.25862068965517243,2.6857886289577357,0.2146761984861228,0.17073170731707318
4,macd_hist_q1 & range_20_q1 & rsi_14_q1 & vol_5_20_q4,62,0.25806451612903225,2.8216965352449224,41,0.17073170731707318,1.9583775185577943,46,0.2391304347826087,2.483381369963819,0.20493107104984093,0.17073170731707318
4,bb_pos_q1 & dist_ema200_q1 & h_2 & rsi_14_q1,245,0.19183673469387755,2.097557067271353,112,0.19642857142857142,2.2531333185448092,123,0.17073170731707318,1.77305720871031,0.1835801393728223,0.17073170731707318
4,macd_hist_q1 & pos_in_range_20_q1 & range_20_q1 & vol_5_20_q4,95,0.16842105263157894,1.8415282651072125,47,0.1702127659574468,1.952425003303819,53,0.20754716981132076,2.1553876041195412,0.18887996788438377,0.1702127659574468
4,bb_pos_q1 & bb_width_q1 & range_20_q1 & sess_overlap_1,198,0.1414141414141414,1.5462326973438085,100,0.17,1.9499844720496895,82,0.21951219512195122,2.2796449826275413,0.19475609756097562,0.17
4,bb_pos_q1 & bb_width_q1 & h_3 & range_20_q1,198,0.1414141414141414,1.5462326973438085,100,0.17,1.9499844720496895,82,0.21951219512195122,2.2796449826275413,0.19475609756097562,0.17
4,h_1 & macd_hist_q1 & pos_in_range_20_q1 & sess_london_1,71,0.19718309859154928,2.156014606155451,28,0.25,2.8676242236024843,53,0.16981132075471697,1.763498948825079,0.20990566037735847,0.16981132075471697
4,atr_ratio_q1 & bb_width_q1 & sess_london_1 & vol_5_20_q2,319,0.14106583072100312,1.5424242424242423,149,0.174496644295302,2.001563216474217,112,0.16964285714285715,1.7617494458996574,0.1720697507190796,0.16964285714285715
4,bb_pos_q1 & bb_width_q1 & dist_ema200_q1 & rsi_14_q1,166,0.20481927710843373,2.2395091477019187,91,0.1978021978021978,2.26888949559757,71,0.16901408450704225,1.7552196110371678,0.18340814115462,0.16901408450704225
4,atr_ratio_q1 & bb_pos_q1 & sess_london_1 & sess_ny_0,461,0.17136659436008678,1.8737350365549934,185,0.1783783783783784,2.04608863521907,160,0.16875,1.7524770803949223,0.1735641891891892,0.16875
4,atr_ratio_q1 & bb_pos_q1 & bb_width_q1 & sess_london_1,296,0.17905405405405406,1.9577902902902904,120,0.19166666666666668,2.198511904761905,101,0.16831683168316833,1.74797860604114,0.1799917491749175,0.16831683168316833
4,bb_width_q1 & pos_in_range_20_q1 & rsi_14_q1 & sess_london_1,257,0.19066147859922178,2.08470673007638,128,0.1796875,2.0611049107142856,107,0.16822429906542055,1.7470176502379287,0.1739558995327103,0.16822429906542055
4,atr_ratio_q1 & bb_pos_q1 & bb_width_q1 & sess_ny_0,391,0.19948849104859334,2.1812219380505824,150,0.17333333333333334,1.9882194616977225,173,0.1676300578034682,1.7408464253976534,0.17048169556840076,0.1676300578034682
4,bb_pos_q1 & macd_hist_q1 & sess_london_1 & sess_ny_0,511,0.18590998043052837,2.0327534971370587,232,0.1939655172413793,2.2248808631398584,299,0.16722408026755853,1.7366303286460274,0.18059479875446893,0.16722408026755853
4,atr_14_q1 & bb_pos_q1 & macd_hist_q1 & vol_5_20_q4,102,0.22549019607843138,2.465526506899056,60,0.16666666666666666,1.911749482401656,52,0.23076923076923078,2.3965498535315177,0.19871794871794873,0.16666666666666666
4,atr_14_q1 & bb_width_q1 & macd_hist_q1 & sess_london_1,257,0.1867704280155642,2.0421616947686987,78,0.16666666666666666,1.911749482401656,84,0.19047619047619047,1.9781046410101415,0.17857142857142855,0.16666666666666666
4,atr_14_q1 & h_1 & macd_hist_q1 & range_20_q1,89,0.20224719101123595,2.211385767790262,36,0.16666666666666666,1.911749482401656,42,0.19047619047619047,1.9781046410101415,0.17857142857142855,0.16666666666666666
4,rsi_14_q1 & sess_london_1 & sess_ny_0 & streak_down_5p,89,0.21348314606741572,2.334240532667499,30,0.16666666666666666,1.911749482401656,22,0.18181818181818182,1.8881907936914988,0.17424242424242425,0.16666666666666666
4,atr_14_q1 & bb_width_q1 & pos_in_range_20_q1 & rsi_14_q1,269,0.20074349442379183,2.194944237918216,132,0.16666666666666666,1.911749482401656,157,0.17834394904458598,1.8521107148311515,0.17250530785562632,0.16666666666666666
4,atr_ratio_q1 & bb_pos_q1 & range_20_q1 & sess_london_1,268,0.16044776119402984,1.75434770591487,126,0.16666666666666666,1.911749482401656,95,0.16842105263157894,1.749060945735283,0.1675438596491228,0.16666666666666666
4,atr_14_q1 & bb_pos_q1 & range_20_q1 & sess_london_1,318,0.17295597484276728,1.8911134404845096,138,0.16666666666666666,1.911749482401656,114,0.16666666666666666,1.7308415608838739,0.16666666666666666,0.16666666666666666
3,h_2 & macd_hist_q1 & rsi_14_q1,400,0.1775,1.940798148148148,201,0.18407960199004975,2.111484502951083,223,0.16591928251121077,1.723079939534619,0.17499944225063024,0.16591928251121077
4,h_2 & macd_hist_q1 & rsi_14_q1 & sess_london_1,400,0.1775,1.940798148148148,201,0.18407960199004975,2.111484502951083,223,0.16591928251121077,1.723079939534619,0.17499944225063024,0.16591928251121077
4,h_2 & macd_hist_q1 & rsi_14_q1 & sess_ny_0,400,0.1775,1.940798148148148,201,0.18407960199004975,2.111484502951083,223,0.16591928251121077,1.723079939534619,0.17499944225063024,0.16591928251121077
3,atr_ratio_q1 & pos_in_range_20_q1 & sess_london_1,497,0.14084507042253522,1.5400104329681796,248,0.17338709677419356,1.9888361550791425,217,0.16589861751152074,1.722865332492704,0.16964285714285715,0.16589861751152074
4,atr_14_q1 & bb_pos_q1 & bb_width_q1 & range_20_q1,459,0.19389978213507625,2.1201145808117485,205,0.16585365853658537,1.9024238751704288,232,0.1853448275862069,1.9248151840863772,0.17559924306139613,0.16585365853658537
4,atr_14_q1 & bb_width_q1 & pos_in_range_20_q1 & range_20_q1,397,0.17380352644836272,1.9003806325216905,199,0.1658291457286432,1.902142701083055,229,0.18777292576419213,1.9500311035285565,0.17680103574641767,0.1658291457286432
4,atr_ratio_q1 & bb_width_q1 & pos_in_range_20_q1 & sess_ny_0,343,0.18950437317784258,2.072054853687507,145,0.16551724137931034,1.8985650032126793,166,0.18072289156626506,1.876816150356008,0.17312006647278771,0.16551724137931034
4,atr_ratio_q1 & bb_pos_q1 & macd_hist_q1 & sess_london_1,304,0.18092105263157895,1.9782041910331385,139,0.16546762589928057,1.897995889003083,131,0.17557251908396945,1.8233292778776686,0.170520072491625,0.16546762589928057
4,atr_ratio_q2 & macd_hist_q1 & pos_in_range_20_q1 & sess_london_1,250,0.148,1.6182429629629629,130,0.18461538461538463,2.1176301958910653,97,0.16494845360824742,1.7129978334520812,0.174781919111816,0.16494845360824742
3,h_2 & pos_in_range_20_q1 & vol_5_20_q4,154,0.18181818181818182,1.988013468013468,57,0.17543859649122806,2.0123678762122696,79,0.16455696202531644,1.7089321740372425,0.16999777925827225,0.16455696202531644
4,h_2 & pos_in_range_20_q1 & sess_london_1 & vol_5_20_q4,154,0.18181818181818182,1.988013468013468,57,0.17543859649122806,2.0123678762122696,79,0.16455696202531644,1.7089321740372425,0.16999777925827225,0.16455696202531644
4,h_2 & pos_in_range_20_q1 & sess_ny_0 & vol_5_20_q4,154,0.18181818181818182,1.988013468013468,57,0.17543859649122806,2.0123678762122696,79,0.16455696202531644,1.7089321740372425,0.16999777925827225,0.16455696202531644
4,atr_14_q1 & bb_pos_q1 & range_20_q1 & rsi_14_q1,277,0.19494584837545126,2.131552346570397,146,0.1643835616438356,1.8855611333276607,163,0.17177914110429449,1.7839348602974898,0.16808135137406505,0.1643835616438356
4,bb_pos_q1 & bb_width_q1 & range_20_q1 & sess_london_1,462,0.16017316017316016,1.7513451980118646,213,0.1643192488262911,1.8848234333537457,171,0.1871345029239766,1.943401050816981,0.17572687587513386,0.1643192488262911
4,bb_width_q1 & rsi_14_q1 & sess_london_1 & vol_5_20_q4,93,0.3010752688172043,3.2919792911190764,67,0.16417910447761194,1.8832159080374524,42,0.30952380952380953,3.21442004164148,0.23685145700071075,0.16417910447761194
4,bb_width_q1 & dist_ema200_q1 & h_1 & range_20_q1,101,0.24752475247524752,2.7064539787312065,67,0.16417910447761194,1.8832159080374524,52,0.19230769230769232,1.9971248779429316,0.17824339839265213,0.16417910447761194
3,atr_ratio_q1 & bb_pos_q1 & bb_width_q1,455,0.18461538461538463,2.0185982905982907,195,0.1641025641025641,1.882337951903169,211,0.1895734597156398,1.968729737498245,0.17683801190910195,0.1641025641025641
4,atr_ratio_q2 & bb_width_q1 & sess_overlap_1 & vol_5_20_q4,179,0.15083798882681565,1.6492737430167599,61,0.16393442622950818,1.8804093269524487,52,0.17307692307692307,1.7974123901486383,0.16850567465321564,0.16393442622950818
4,atr_ratio_q2 & bb_width_q1 & h_3 & vol_5_20_q4,179,0.15083798882681565,1.6492737430167599,61,0.16393442622950818,1.8804093269524487,52,0.17307692307692307,1.7974123901486383,0.16850567465321564,0.16393442622950818
4,bb_pos_q1 & bb_width_q1 & pos_in_range_20_q1 & vol_5_20_q4,228,0.17105263157894737,1.8703021442495127,116,0.16379310344827586,1.8787882844292139,104,0.21153846153846154,2.1968373657372244,0.18766578249336868,0.16379310344827586
4,dist_ema200_q1 & macd_hist_q1 & sess_london_1 & sess_ny_0,211,0.1990521327014218,2.1764507635597683,96,0.1875,2.1507181677018634,116,0.16379310344827586,1.7009994650065656,0.17564655172413793,0.16379310344827586
2,h_2 & macd_hist_q1,625,0.16,1.749451851851852,323,0.16408668730650156,1.8821558371632405,348,0.16379310344827586,1.7009994650065656,0.1639398953773887,0.16379310344827586
3,h_2 & macd_hist_q1 & sess_london_1,625,0.16,1.749451851851852,323,0.16408668730650156,1.8821558371632405,348,0.16379310344827586,1.7009994650065656,0.1639398953773887,0.16379310344827586
3,h_2 & macd_hist_q1 & sess_ny_0,625,0.16,1.749451851851852,323,0.16408668730650156,1.8821558371632405,348,0.16379310344827586,1.7009994650065656,0.1639398953773887,0.16379310344827586
4,h_2 & macd_hist_q1 & sess_london_1 & sess_ny_0,625,0.16,1.749451851851852,323,0.16408668730650156,1.8821558371632405,348,0.16379310344827586,1.7009994650065656,0.1639398953773887,0.16379310344827586
4,atr_14_q1 & bb_pos_q1 & bb_width_q1 & pos_in_range_20_q1,413,0.18401937046004843,2.012081427674648,190,0.1631578947368421,1.8715021248774109,213,0.1784037558685446,1.8527318116503437,0.17078082530269334,0.1631578947368421
4,bb_pos_q1 & h_2 & macd_hist_q1 & pos_in_range_20_q1,368,0.18206521739130435,1.990714573268921,179,0.18435754189944134,2.114672611818592,233,0.1630901287553648,1.6936990381181254,0.17372383532740307,0.1630901287553648
4,bb_width_q1 & pos_in_range_20_q1 & sess_london_1 & vol_5_20_q4,178,0.16853932584269662,1.8428214731585517,92,0.16304347826086957,1.8701897110450985,62,0.22580645161290322,2.3450111470039583,0.19442496493688638,0.16304347826086957
3,bb_pos_q1 & bb_width_q1 & vol_5_20_q4,288,0.17708333333333334,1.9362422839506175,135,0.16296296296296298,1.8692661605705083,129,0.20155038759689922,2.093110724789801,0.1822566752799311,0.16296296296296298
4,bb_pos_q1 & bb_width_q1 & sess_ny_0 & vol_5_20_q4,124,0.24193548387096775,2.645340501792115,43,0.16279069767441862,1.8672901921132457,56,0.30357142857142855,3.152604271609913,0.23318106312292358,0.16279069767441862
4,atr_14_q1 & bb_pos_q1 & dist_ema200_q1 & vol_5_20_q4,64,0.234375,2.5626736111111112,43,0.16279069767441862,1.8672901921132457,26,0.2692307692307692,2.795974829120104,0.21601073345259392,0.16279069767441862
4,atr_ratio_q1 & h_1 & pos_in_range_20_q1 & range_20_q1,133,0.23308270676691728,2.54854358117516,43,0.16279069767441862,1.8672901921132457,61,0.21311475409836064,2.2132072417859368,0.18795272588638962,0.16279069767441862
4,atr_ratio_q2 & bb_pos_q1 & sess_london_1 & vol_5_20_q4,195,0.16923076923076924,1.8503817663817665,86,0.16279069767441862,1.8672901921132457,52,0.21153846153846154,2.1968373657372244,0.18716457960644006,0.16279069767441862
4,h_1 & pos_in_range_20_q1 & rsi_14_q1 & sess_london_1,108,0.18518518518518517,2.0248285322359396,43,0.16279069767441862,1.8672901921132457,56,0.17857142857142858,1.8544731009470077,0.17068106312292358,0.16279069767441862
2,bb_pos_q1 & h_2,657,0.1765601217656012,1.9305214499126218,297,0.19528619528619529,2.2400296965514355,332,0.16265060240963855,1.689134535320407,0.17896839884791693,0.16265060240963855
3,bb_pos_q1 & h_2 & sess_london_1,657,0.1765601217656012,1.9305214499126218,297,0.19528619528619529,2.2400296965514355,332,0.16265060240963855,1.689134535320407,0.17896839884791693,0.16265060240963855
3,bb_pos_q1 & h_2 & sess_ny_0,657,0.1765601217656012,1.9305214499126218,297,0.19528619528619529,2.2400296965514355,332,0.16265060240963855,1.689134535320407,0.17896839884791693,0.16265060240963855
4,bb_pos_q1 & h_2 & sess_london_1 & sess_ny_0,657,0.1765601217656012,1.9305214499126218,297,0.19528619528619529,2.2400296965514355,332,0.16265060240963855,1.689134535320407,0.17896839884791693,0.16265060240963855
4,atr_14_q1 & bb_pos_q1 & pos_in_range_20_q1 & vol_5_20_q4,142,0.20422535211267606,2.2330151278038604,80,0.1625,1.863955745341615,76,0.21052631578947367,2.1863261821691036,0.18651315789473683,0.1625
4,bb_pos_q1 & bb_width_q1 & range_20_q1 & vol_5_20_q4,243,0.18518518518518517,2.0248285322359396,117,0.1623931623931624,1.862730264904178,117,0.20512820512820512,2.13026653647246,0.18376068376068377,0.1623931623931624
4,bb_pos_q1 & dist_ema200_q1 & h_2 & pos_in_range_20_q1,267,0.18726591760299627,2.047579414620613,117,0.1623931623931624,1.862730264904178,127,0.1732283464566929,1.798984929422609,0.16781075442492766,0.1623931623931624
4,atr_14_q1 & bb_width_q1 & h_1 & macd_hist_q1,88,0.23863636363636365,2.609267676767677,37,0.16216216216216217,1.8600805774718818,46,0.1956521739130435,2.031857484515852,0.17890716803760282,0.16216216216216217
4,atr_ratio_q2 & rsi_14_q1 & sess_london_1 & vol_5_20_q4,137,0.18248175182481752,1.9952689916193567,68,0.16176470588235295,1.8555215564486665,48,0.1875,1.9471967559943582,0.17463235294117646,0.16176470588235295
4,bb_pos_q1 & bb_width_q1 & macd_hist_q1 & rsi_14_q1,263,0.17870722433460076,1.9539980284466978,130,0.16153846153846155,1.8529264214046823,144,0.16666666666666666,1.7308415608838739,0.1641025641025641,0.16153846153846155
3,bb_pos_q1 & sess_ny_0 & vol_5_20_q4,315,0.15555555555555556,1.7008559670781893,130,0.16153846153846155,1.8529264214046823,270,0.16296296296296298,1.6923784150864547,0.16225071225071225,0.16153846153846155
3,bb_width_q1 & rsi_14_q1 & sess_london_1,332,0.1927710843373494,2.107773315484159,161,0.16149068322981366,1.8523783804637166,153,0.16993464052287582,1.7647796307051264,0.16571266187634476,0.16149068322981366
4,bb_pos_q1 & bb_width_q1 & macd_hist_q1 & sess_london_1,254,0.1732283464566929,1.8940915718868474,94,0.18085106382978725,2.074451566010308,93,0.16129032258064516,1.6750079621456844,0.1710706932052162,0.16129032258064516
4,pos_in_range_20_q1 & sess_london_1 & sess_ny_0 & vol_5_20_q4,167,0.17365269461077845,1.8987314260368153,62,0.1774193548387097,2.035088158685634,93,0.16129032258064516,1.6750079621456844,0.16935483870967744,0.16129032258064516
4,atr_14_q1 & bb_pos_q1 & bb_width_q1 & macd_hist_q1,227,0.20704845814977973,2.2638831783325175,93,0.16129032258064516,1.8500801442596673,110,0.17272727272727273,1.7937812540069238,0.16700879765395893,0.16129032258064516
4,atr_ratio_q1 & bb_pos_q1 & h_2 & pos_in_range_20_q1,285,0.14736842105263157,1.6113372319688108,135,0.17037037037037037,1.954232804232804,118,0.16101694915254236,1.6721689655996745,0.16569365976145636,0.16101694915254236
4,dist_ema200_q1 & h_2 & pos_in_range_20_q1 & rsi_14_q1,238,0.20168067226890757,2.2051914098972922,110,0.16363636363636364,1.8769904009034442,118,0.16101694915254236,1.6721689655996745,0.16232665639445298,0.16101694915254236
4,atr_ratio_q1 & macd_hist_q1 & pos_in_range_20_q1 & rsi_14_q1,314,0.1624203821656051,1.7759164897381456,159,0.16352201257861634,1.8756787374506814,205,0.16097560975609757,1.6717396539268636,0.16224881116735695,0.16097560975609757
4,macd_hist_q1 & pos_in_range_20_q1 & sess_london_1 & sess_ny_0,447,0.18344519015659955,2.0058032977048637,215,0.2,2.2940993788819877,292,0.16095890410958905,1.6715661649631932,0.18047945205479454,0.16095890410958905
4,bb_pos_q1 & bb_width_q1 & dist_ema200_q1 & sess_ny_0,191,0.2198952879581152,2.4043513670738803,87,0.16091954022988506,1.8458270864567714,73,0.2191780821917808,2.2761752033541356,0.19004881121083295,0.16091954022988506
3,h_2 & rsi_14_q1 & vol_5_20_q4,139,0.2014388489208633,2.202547295496936,62,0.1774193548387097,2.035088158685634,87,0.16091954022988506,1.6711573691292576,0.16916944753429736,0.16091954022988506
4,h_2 & rsi_14_q1 & sess_london_1 & vol_5_20_q4,139,0.2014388489208633,2.202547295496936,62,0.1774193548387097,2.035088158685634,87,0.16091954022988506,1.6711573691292576,0.16916944753429736,0.16091954022988506
4,h_2 & rsi_14_q1 & sess_ny_0 & vol_5_20_q4,139,0.2014388489208633,2.202547295496936,62,0.1774193548387097,2.035088158685634,87,0.16091954022988506,1.6711573691292576,0.16916944753429736,0.16091954022988506
4,bb_width_q1 & dist_ema200_q1 & range_20_q1 & rsi_14_q1,164,0.18292682926829268,2.0001355013550137,87,0.16091954022988506,1.8458270864567714,73,0.1643835616438356,1.7071314025156015,0.16265155093686035,0.16091954022988506
4,bb_pos_q1 & bb_width_q1 & dist_ema200_q1 & pos_in_range_20_q1,284,0.16901408450704225,1.8480125195618153,143,0.16083916083916083,1.8449050949050947,106,0.20754716981132076,2.1553876041195412,0.1841931653252408,0.16083916083916083
4,atr_ratio_q2 & h_2 & macd_hist_q1 & pos_in_range_20_q1,120,0.19166666666666668,2.095697530864198,62,0.20967741935483872,2.4051041875375674,56,0.16071428571428573,1.6690257908523072,0.18519585253456222,0.16071428571428573
4,dow_3 & pos_in_range_20_q1 & sess_ny_0 & vol_5_20_q2,138,0.18115942028985507,1.9808105206655933,56,0.16071428571428573,1.8434727151730257,97,0.20618556701030927,2.1412472918151018,0.1834499263622975,0.16071428571428573
4,atr_ratio_q1 & pos_in_range_20_q1 & rsi_14_q1 & sess_london_1,345,0.1536231884057971,1.679727321524423,168,0.16071428571428573,1.8434727151730257,161,0.20496894409937888,2.1286126028261307,0.18284161490683232,0.16071428571428573
4,atr_ratio_q2 & bb_pos_q1 & range_20_q1 & sess_london_1,159,0.16981132075471697,1.8567295597484277,66,0.19696969696969696,2.2593402973837753,56,0.16071428571428573,1.6690257908523072,0.17884199134199136,0.16071428571428573
4,atr_14_q1 & pos_in_range_20_q1 & range_20_q1 & rsi_14_q1,258,0.18604651162790697,2.0342463393626184,137,0.16058394160583941,1.8419776034818878,157,0.17197452229299362,1.785963903587182,0.16627923194941652,0.16058394160583941
3,atr_ratio_q1 & bb_pos_q1 & sess_ny_0,736,0.17391304347826086,1.9015780998389693,299,0.1605351170568562,1.8414175616444046,318,0.1792452830188679,1.8614711126486945,0.16989020003786204,0.1605351170568562
4,bb_width_q1 & dist_ema200_q1 & pos_in_range_20_q1 & sess_ny_0,177,0.21468926553672316,2.3474283322870892,81,0.16049382716049382,1.8409439460164096,67,0.26865671641791045,2.7900132623202745,0.21457527178920213,0.16049382716049382
4,atr_14_q1 & macd_hist_q1 & range_20_q1 & sess_london_1,242,0.1652892561983471,1.8072849709213346,81,0.16049382716049382,1.8409439460164096,74,0.1891891891891892,1.9647390691114246,0.1748415081748415,0.16049382716049382
4,atr_14_q1 & bb_width_q1 & macd_hist_q1 & rsi_14_q1,179,0.21787709497206703,2.382284295468653,81,0.16049382716049382,1.8409439460164096,96,0.17708333333333334,1.839019158439116,0.16878858024691357,0.16049382716049382
4,atr_ratio_q2 & bb_pos_q1 & pos_in_range_20_q1 & vol_5_20_q4,196,0.15306122448979592,1.6735827664399094,117,0.1623931623931624,1.862730264904178,81,0.16049382716049382,1.6667363178881747,0.16144349477682812,0.16049382716049382
3,atr_ratio_q1 & h_2 & pos_in_range_20_q1,327,0.1437308868501529,1.571564163551931,159,0.18238993710691823,2.092103207156529,131,0.16030534351145037,1.664778905888306,0.1713476403091843,0.16030534351145037
4,atr_ratio_q1 & h_2 & pos_in_range_20_q1 & sess_london_1,327,0.1437308868501529,1.571564163551931,159,0.18238993710691823,2.092103207156529,131,0.16030534351145037,1.664778905888306,0.1713476403091843,0.16030534351145037
4,atr_ratio_q1 & h_2 & pos_in_range_20_q1 & sess_ny_0,327,0.1437308868501529,1.571564163551931,159,0.18238993710691823,2.092103207156529,131,0.16030534351145037,1.664778905888306,0.1713476403091843,0.16030534351145037
4,h_2 & macd_hist_q1 & pos_in_range_20_q1 & rsi_14_q1,331,0.1782477341389728,1.9489739286113907,164,0.1951219512195122,2.238145735494622,200,0.16,1.661607898448519,0.1775609756097561,0.16
4,macd_hist_q1 & rsi_14_q1 & sess_london_1 & sess_ny_0,488,0.18032786885245902,1.971718275652702,236,0.1864406779661017,2.1385672176018526,275,0.16,1.661607898448519,0.17322033898305084,0.16
4,atr_ratio_q2 & macd_hist_q1 & rsi_14_q1 & sess_london_1,238,0.14705882352941177,1.6079520697167757,121,0.17355371900826447,1.9907473948975924,100,0.16,1.661607898448519,0.16677685950413224,0.16
4,atr_14_q1 & bb_pos_q1 & pos_in_range_20_q1 & range_20_q1,396,0.17424242424242425,1.9051795735129071,194,0.15979381443298968,1.832914452199526,213,0.17370892018779344,1.803975711343756,0.16675136731039156,0.15979381443298968
4,atr_ratio_q1 & bb_pos_q1 & pos_in_range_20_q1 & sess_london_1,432,0.15046296296296297,1.645173182441701,209,0.17703349282296652,2.0306621296323812,188,0.1595744680851064,1.6571887285058369,0.16830398045403644,0.1595744680851064
4,bb_width_q1 & dist_ema200_q1 & pos_in_range_20_q1 & rsi_14_q1,155,0.2129032258064516,2.3278996415770608,83,0.1927710843373494,2.2111801242236027,69,0.15942028985507245,1.6555875799758792,0.17609568709621093,0.15942028985507245
4,pos_in_range_20_q1 & range_20_q1 & rsi_14_q1 & sess_london_1,239,0.1589958158995816,1.7384720285138695,143,0.16083916083916083,1.8449050949050947,113,0.1592920353982301,1.654255651110251,0.16006559811869547,0.1592920353982301
4,bb_pos_q1 & range_20_q1 & rsi_14_q1 & sess_london_1,263,0.17490494296577946,1.9124236023095338,157,0.1592356687898089,1.8265122443327924,118,0.17796610169491525,1.848186751452272,0.16860088524236208,0.1592356687898089
4,atr_ratio_q2 & range_20_q1 & sess_london_1 & vol_5_20_q4,256,0.16015625,1.751160300925926,100,0.17,1.9499844720496895,88,0.1590909090909091,1.6521669444800615,0.16454545454545455,0.1590909090909091
3,atr_ratio_q2 & bb_pos_q1 & vol_5_20_q4,236,0.1440677966101695,1.575247959824231,132,0.1590909090909091,1.8248517786561262,92,0.16304347826086957,1.6932145704298767,0.16106719367588934,0.1590909090909091
3,macd_hist_q1 & range_20_q1 & vol_5_20_q4,194,0.17525773195876287,1.9162810232913325,88,0.1590909090909091,1.8248517786561262,92,0.16304347826086957,1.6932145704298767,0.16106719367588934,0.1590909090909091
3,h_2 & macd_hist_q1 & pos_in_range_20_q1,376,0.18085106382978725,1.9774389282899922,187,0.1925133689839572,2.2082240010628755,239,0.1589958158995816,1.651179396993821,0.17575459244176939,0.1589958158995816
4,h_2 & macd_hist_q1 & pos_in_range_20_q1 & sess_london_1,376,0.18085106382978725,1.9774389282899922,187,0.1925133689839572,2.2082240010628755,239,0.1589958158995816,1.651179396993821,0.17575459244176939,0.1589958158995816
4,h_2 & macd_hist_q1 & pos_in_range_20_q1 & sess_ny_0,376,0.18085106382978725,1.9774389282899922,187,0.1925133689839572,2.2082240010628755,239,0.1589958158995816,1.651179396993821,0.17575459244176939,0.1589958158995816
3,bb_width_q1 & dist_ema200_q1 & pos_in_range_20_q1,308,0.16883116883116883,1.846012506012506,151,0.15894039735099338,1.823125334210851,116,0.21551724137931033,2.2381571907981126,0.18722881936515184,0.15894039735099338
4,bb_pos_q1 & bb_width_q1 & sess_london_1 & sess_ny_0,318,0.18867924528301888,2.06303284416492,128,0.1953125,2.240331424689441,107,0.1588785046728972,1.6499611141135992,0.1770955023364486,0.1588785046728972
4,atr_ratio_q1 & bb_pos_q1 & sess_ny_0 & vol_5_20_q2,216,0.16666666666666666,1.8223456790123456,98,0.1836734693877551,2.1068259601977437,107,0.1588785046728972,1.6499611141135992,0.17127598703032615,0.1588785046728972
3,bb_pos_q1 & range_20_q1 & sess_london_1,508,0.15354330708661418,1.6788538932633421,252,0.15873015873015872,1.820713792763482,199,0.1708542713567839,1.7743300423131168,0.1647922150434713,0.15873015873015872
4,atr_14_q1 & bb_pos_q1 & bb_width_q1 & h_2,223,0.19730941704035873,2.157395781431656,79,0.16455696202531644,1.8875501218649262,63,0.15873015873015872,1.648420534175118,0.16164356037773758,0.15873015873015872
3,bb_width_q1 & rsi_14_q1 & vol_5_20_q4,127,0.25984251968503935,2.841137357830271,82,0.15853658536585366,1.8184934100893804,85,0.23529411764705882,2.4435410271301747,0.19691535150645623,0.15853658536585366
4,bb_pos_q1 & range_20_q1 & sess_london_1 & vol_5_20_q4,191,0.18848167539267016,2.06087260034904,101,0.15841584158415842,1.8171084189164257,62,0.27419354838709675,2.8475135356476633,0.2163046949856276,0.15841584158415842
3,atr_ratio_q1 & pos_in_range_20_q1 & range_20_q1,378,0.15343915343915343,1.6777150695669214,196,0.15816326530612246,1.8142112435036126,209,0.20574162679425836,2.1366369507561696,0.1819524460501904,0.15816326530612246
4,bb_pos_q1 & bb_width_q1 & rsi_14_q1 & sess_overlap_1,96,0.19791666666666666,2.1640354938271606,57,0.15789473684210525,1.8111310885910425,49,0.24489795918367346,2.5432773955844676,0.20139634801288936,0.15789473684210525
4,bb_pos_q1 & bb_width_q1 & h_3 & rsi_14_q1,96,0.19791666666666666,2.1640354938271606,57,0.15789473684210525,1.8111310885910425,49,0.24489795918367346,2.5432773955844676,0.20139634801288936,0.15789473684210525
4,atr_ratio_q1 & bb_pos_q1 & h_2 & macd_hist_q1,209,0.18181818181818182,1.988013468013468,95,0.15789473684210525,1.8111310885910425,83,0.1927710843373494,2.0019372270464086,0.17533291058972733,0.15789473684210525
4,atr_ratio_q1 & bb_pos_q1 & range_20_q1 & sess_ny_0,365,0.1863013698630137,2.0370329781836634,152,0.15789473684210525,1.8111310885910425,169,0.16568047337278108,1.7205998948431411,0.16178760510744317,0.15789473684210525
4,bb_pos_q1 & bb_width_q1 & h_2 & range_20_q1,225,0.18222222222222223,1.9924312757201648,98,0.16326530612244897,1.8727341868424385,76,0.15789473684210525,1.6397446366268278,0.16058002148227712,0.15789473684210525
4,atr_ratio_q2 & bb_pos_q1 & rsi_14_q1 & vol_5_20_q4,152,0.16447368421052633,1.7983674463937624,101,0.15841584158415842,1.8171084189164257,76,0.15789473684210525,1.6397446366268278,0.15815528921313182,0.15789473684210525
3,atr_14_q1 & bb_pos_q1 & bb_width_q1,522,0.19348659003831417,2.11559670781893,222,0.15765765765765766,1.808411672542107,251,0.17928286852589642,1.8618614399946054,0.16847026309177704,0.15765765765765766
4,bb_pos_q1 & pos_in_range_20_q1 & sess_ny_0 & vol_5_20_q4,256,0.1484375,1.6230266203703705,108,0.1574074074074074,1.8055411778237864,229,0.1703056768558952,1.7686328613398536,0.1638565421316513,0.1574074074074074
4,dow_3 & macd_hist_q1 & pos_in_range_20_q1 & vol_5_20_q2,110,0.18181818181818182,1.988013468013468,53,0.16981132075471697,1.9478202273526306,89,0.15730337078651685,1.6336032709465775,0.16355734577061692,0.15730337078651685
4,atr_ratio_q1 & bb_pos_q1 & pos_in_range_20_q1 & range_20_q1,343,0.16034985422740525,1.7532771838894288,172,0.1569767441860465,1.8006012566806298,180,0.2,2.077009873060649,0.17848837209302326,0.1569767441860465
2,atr_ratio_q1 & bb_pos_q1,847,0.16292798110979928,1.7814666141938869,376,0.15691489361702127,1.799891799920708,419,0.17422434367541767,1.8093284097067703,0.16556961864621947,0.15691489361702127
4,rsi_14_q1 & sess_london_1 & sess_ny_0 & vol_5_20_q4,152,0.19078947368421054,2.0861062378167645,68,0.17647058823529413,2.024205334307636,102,0.1568627450980392,1.6290273514201166,0.16666666666666669,0.1568627450980392
3,dist_ema200_q1 & h_2 & rsi_14_q1,274,0.19708029197080293,2.1548905109489054,126,0.1746031746031746,2.00278517203983,134,0.15671641791044777,1.6275077363534933,0.16565979625681118,0.15671641791044777
4,dist_ema200_q1 & h_2 & rsi_14_q1 & sess_london_1,274,0.19708029197080293,2.1548905109489054,126,0.1746031746031746,2.00278517203983,134,0.15671641791044777,1.6275077363534933,0.16565979625681118,0.15671641791044777
4,dist_ema200_q1 & h_2 & rsi_14_q1 & sess_ny_0,274,0.19708029197080293,2.1548905109489054,126,0.1746031746031746,2.00278517203983,134,0.15671641791044777,1.6275077363534933,0.16565979625681118,0.15671641791044777
3,bb_pos_q1 & bb_width_q1 & dist_ema200_q1,341,0.17302052785923755,1.8918192679483004,166,0.1566265060240964,1.796583850931677,123,0.1951219512195122,2.0263510956689257,0.1758742286218043,0.1566265060240964
3,atr_14_q1 & pos_in_range_20_q1 & vol_5_20_q4,155,0.1870967741935484,2.045729988052569,83,0.1566265060240964,1.796583850931677,83,0.1927710843373494,2.0019372270464086,0.1746987951807229,0.1566265060240964
4,bb_pos_q1 & dow_3 & macd_hist_q1 & vol_5_20_q2,112,0.16071428571428573,1.757261904761905,50,0.16,1.83527950310559,83,0.1566265060240964,1.6265739969752069,0.15831325301204818,0.1566265060240964
3,dow_3 & rsi_14_q1 & sess_london_1,290,0.16551724137931034,1.8097777777777777,115,0.1565217391304348,1.7953821226032947,196,0.1683673469387755,1.7485032094643216,0.16244454303460515,0.1565217391304348
4,atr_ratio_q2 & dow_3 & rsi_14_q1 & sess_ny_0,118,0.1864406779661017,2.038556183301946,36,0.2222222222222222,2.548999309868875,64,0.15625,1.6226639633286317,0.1892361111111111,0.15625
4,dow_3 & pos_in_range_20_q1 & sess_london_1 & sess_ny_0,149,0.18791946308724833,2.054725329356202,64,0.15625,1.7922651397515528,100,0.22,2.2847108603667134,0.188125,0.15625
3,dow_3 & h_2 & vol_5_20_q4,121,0.18181818181818182,1.988013468013468,32,0.15625,1.7922651397515528,60,0.2,2.077009873060649,0.178125,0.15625
4,dow_3 & h_2 & sess_london_1 & vol_5_20_q4,121,0.18181818181818182,1.988013468013468,32,0.15625,1.7922651397515528,60,0.2,2.077009873060649,0.178125,0.15625
4,dow_3 & h_2 & sess_ny_0 & vol_5_20_q4,121,0.18181818181818182,1.988013468013468,32,0.15625,1.7922651397515528,60,0.2,2.077009873060649,0.178125,0.15625
4,atr_ratio_q2 & pos_in_range_20_q1 & sess_london_1 & sess_ny_0,236,0.18220338983050846,1.9922253609541745,103,0.1941747572815534,2.2272809503708615,96,0.15625,1.6226639633286317,0.1752123786407767,0.15625
4,atr_ratio_q1 & bb_pos_q1 & pos_in_range_20_q1 & vol_5_20_q2,196,0.1836734693877551,2.0082993197278913,96,0.15625,1.7922651397515528,124,0.18548387096774194,1.926259156467537,0.17086693548387097,0.15625
4,bb_width_q1 & h_1 & macd_hist_q1 & rsi_14_q1,65,0.26153846153846155,2.859680911680912,32,0.15625,1.7922651397515528,38,0.18421052631578946,1.9130354093979658,0.17023026315789475,0.15625
4,atr_14_q1 & bb_pos_q1 & macd_hist_q1 & range_20_q1,220,0.18181818181818182,1.988013468013468,96,0.15625,1.7922651397515528,100,0.17,1.7654583921015514,0.16312500000000002,0.15625
4,h_1 & macd_hist_q1 & pos_in_range_20_q1 & range_20_q1,67,0.19402985074626866,2.1215367606412383,32,0.15625,1.7922651397515528,42,0.16666666666666666,1.7308415608838739,0.16145833333333331,0.15625
3,h_1 & pos_in_range_20_q1 & sess_london_1,156,0.15384615384615385,1.6821652421652422,64,0.15625,1.7922651397515528,82,0.15853658536585366,1.646410265231002,0.15739329268292684,0.15625
4,h_1 & pos_in_range_20_q1 & sess_london_1 & sess_ny_0,156,0.15384615384615385,1.6821652421652422,64,0.15625,1.7922651397515528,82,0.15853658536585366,1.646410265231002,0.15739329268292684,0.15625
3,bb_pos_q1 & h_2 & rsi_14_q1,486,0.17695473251028807,1.9348361530254534,229,0.1965065502183406,2.254027774010686,269,0.15613382899628253,1.621457521720209,0.17632018960731155,0.15613382899628253
4,bb_pos_q1 & h_2 & rsi_14_q1 & sess_london_1,486,0.17695473251028807,1.9348361530254534,229,0.1965065502183406,2.254027774010686,269,0.15613382899628253,1.621457521720209,0.17632018960731155,0.15613382899628253
4,bb_pos_q1 & h_2 & rsi_14_q1 & sess_ny_0,486,0.17695473251028807,1.9348361530254534,229,0.1965065502183406,2.254027774010686,269,0.15613382899628253,1.621457521720209,0.17632018960731155,0.15613382899628253
4,atr_ratio_q1 & bb_width_q1 & pos_in_range_20_q1 & range_20_q1,340,0.16470588235294117,1.8009063180827887,173,0.15606936416184972,1.7901931569310308,188,0.22340425531914893,2.320064219908171,0.18973680974049933,0.15606936416184972
4,bb_pos_q1 & rsi_14_q1 & sess_london_1 & sess_ny_0,594,0.17845117845117844,1.9511984037909964,271,0.1881918819188192,2.158654397102977,327,0.1559633027522936,1.6196865982583042,0.1720775923355564,0.1559633027522936
4,atr_ratio_q1 & h_2 & pos_in_range_20_q1 & rsi_14_q1,239,0.14644351464435146,1.6012242367890903,109,0.1559633027522936,1.7889765798621005,98,0.1836734693877551,1.9074580466883508,0.16981838607002436,0.1559633027522936
3,bb_pos_q1 & sess_london_1 & sess_ny_0,802,0.1745635910224439,1.9086912348757736,352,0.1903409090909091,2.183304806606437,404,0.15594059405940594,1.6194507673616443,0.17314075157515751,0.15594059405940594
3,macd_hist_q1 & sess_london_1 & sess_ny_0,761,0.1590013140604468,1.7385321458120409,389,0.16709511568123395,1.9166640054926631,430,0.1558139534883721,1.6181355987798076,0.16145453458480302,0.1558139534883721
4,atr_ratio_q1 & bb_pos_q1 & bb_width_q1 & rsi_14_q1,258,0.20155038759689922,2.2037668676428366,122,0.1557377049180328,1.7863888606048264,133,0.18045112781954886,1.8739938704306602,0.16809441636879083,0.1557377049180328
4,atr_ratio_q1 & bb_pos_q1 & bb_width_q1 & pos_in_range_20_q1,358,0.18156424581005587,1.9852369128905443,167,0.15568862275449102,1.7858258638003495,178,0.20224719101123595,2.1003470626455996,0.1789679068828635,0.15568862275449102
4,bb_width_q1 & dist_ema200_q1 & pos_in_range_20_q1 & range_20_q1,261,0.1685823754789272,1.843292181069959,135,0.15555555555555556,1.7842995169082125,106,0.2358490566037736,2.4493040955903878,0.19570230607966457,0.15555555555555556
4,bb_width_q1 & pos_in_range_20_q1 & range_20_q1 & vol_5_20_q4,208,0.16346153846153846,1.78730056980057,103,0.1553398058252427,1.781824760296689,106,0.19811320754716982,2.0574154402959257,0.17672650668620626,0.1553398058252427
4,atr_14_q1 & bb_width_q1 & rsi_14_q1 & sess_london_1,237,0.18143459915611815,1.9838193467729335,103,0.1553398058252427,1.781824760296689,114,0.16666666666666666,1.7308415608838739,0.1610032362459547,0.1553398058252427
4,bb_pos_q1 & macd_hist_q1 & range_20_q1 & vol_5_20_q4,115,0.1826086956521739,1.996657004830918,58,0.15517241379310345,1.779904690511887,60,0.23333333333333334,2.4231781852374237,0.1942528735632184,0.15517241379310345
4,bb_pos_q1 & bb_width_q1 & range_20_q1 & rsi_14_q1,389,0.17480719794344474,1.9113548509949538,213,0.15492957746478872,1.7771192371621027,250,0.164,1.703148095909732,0.15946478873239436,0.15492957746478872
4,atr_ratio_q2 & bb_width_q1 & sess_london_1 & vol_5_20_q4,266,0.15789473684210525,1.7264327485380115,102,0.16666666666666666,1.911749482401656,84,0.15476190476190477,1.60721002082074,0.1607142857142857,0.15476190476190477
2,h_2 & rsi_14_q1,591,0.17258883248730963,1.8870990787742057,281,0.17793594306049823,2.0410136822793485,317,0.15457413249211358,1.6052599965295236,0.1662550377763059,0.15457413249211358
3,h_2 & rsi_14_q1 & sess_london_1,591,0.17258883248730963,1.8870990787742057,281,0.17793594306049823,2.0410136822793485,317,0.15457413249211358,1.6052599965295236,0.1662550377763059,0.15457413249211358
3,h_2 & rsi_14_q1 & sess_ny_0,591,0.17258883248730963,1.8870990787742057,281,0.17793594306049823,2.0410136822793485,317,0.15457413249211358,1.6052599965295236,0.1662550377763059,0.15457413249211358
4,h_2 & rsi_14_q1 & sess_london_1 & sess_ny_0,591,0.17258883248730963,1.8870990787742057,281,0.17793594306049823,2.0410136822793485,317,0.15457413249211358,1.6052599965295236,0.1662550377763059,0.15457413249211358
3,bb_width_q1 & pos_in_range_20_q1 & vol_5_20_q4,244,0.1598360655737705,1.7476593806921676,123,0.15447154471544716,1.7718653739332424,118,0.2033898305084746,2.112213430231168,0.17893068761196088,0.15447154471544716
4,bb_width_q1 & macd_hist_q1 & range_20_q1 & rsi_14_q1,234,0.16666666666666666,1.8223456790123456,123,0.15447154471544716,1.7718653739332424,142,0.1619718309859155,1.682085460577286,0.15822168785068133,0.15447154471544716
4,bb_pos_q1 & bb_width_q1 & pos_in_range_20_q1 & rsi_14_q1,431,0.17633410672853828,1.9280501847555211,219,0.1552511415525114,1.7808077370316797,246,0.15447154471544716,1.604194617404566,0.15486134313397928,0.15447154471544716
3,atr_14_q1 & bb_width_q1 & pos_in_range_20_q1,454,0.17841409691629956,1.9507929515418503,214,0.1542056074766355,1.7688149416613452,248,0.1814516129032258,1.884383957413895,0.16782861018993067,0.1542056074766355
4,bb_pos_q1 & macd_hist_q1 & rsi_14_q1 & sess_london_1,853,0.1559202813599062,1.7048439060396856,411,0.15815085158150852,1.8140688519139803,454,0.15418502202643172,1.6012190651348615,0.15616793680397012,0.15418502202643172
3,bb_pos_q1 & bb_width_q1 & rsi_14_q1,476,0.17647058823529413,1.929542483660131,240,0.15416666666666667,1.768368271221532,277,0.1624548736462094,1.6871018824499855,0.15831077015643802,0.15416666666666667
4,bb_width_q1 & pos_in_range_20_q1 & sess_ny_0 & vol_5_20_q4,97,0.21649484536082475,2.3671706758304696,39,0.15384615384615385,1.7646918299092211,45,0.3111111111111111,3.2309042469832314,0.23247863247863249,0.15384615384615385
4,atr_ratio_q1 & bb_width_q1 & dist_ema200_q1 & pos_in_range_20_q1,133,0.2631578947368421,2.8773879142300194,78,0.15384615384615385,1.7646918299092211,58,0.3103448275862069,3.2229463547492827,0.23209549071618038,0.15384615384615385
4,atr_14_q1 & atr_ratio_q1 & pos_in_range_20_q1 & range_20_q1,334,0.16766467065868262,1.8332579285872699,156,0.15384615384615385,1.7646918299092211,163,0.22085889570552147,2.293630534668201,0.18735252477583766,0.15384615384615385
4,atr_14_q1 & pos_in_range_20_q1 & sess_london_1 & vol_5_20_q4,116,0.1896551724137931,2.073703703703704,65,0.15384615384615385,1.7646918299092211,42,0.21428571428571427,2.225367721136409,0.18406593406593408,0.15384615384615385
4,atr_ratio_q2 & dow_3 & pos_in_range_20_q1 & sess_london_1,81,0.2716049382716049,2.969748513946045,33,0.21212121212121213,2.433135704874835,39,0.15384615384615385,1.5976999023543452,0.182983682983683,0.15384615384615385
4,bb_width_q1 & range_20_q1 & rsi_14_q1 & sess_london_1,269,0.1821561338289963,1.9917086603331957,143,0.15384615384615385,1.7646918299092211,134,0.17164179104477612,1.7825084731490641,0.16274397244546498,0.15384615384615385
4,bb_pos_q1 & dow_4 & h_2 & macd_hist_q1,84,0.27380952380952384,2.9938536155202824,39,0.15384615384615385,1.7646918299092211,35,0.17142857142857143,1.7802941769091274,0.16263736263736264,0.15384615384615385
4,bb_pos_q1 & bb_width_q1 & pos_in_range_20_q1 & sess_london_1,436,0.14908256880733944,1.6300798504926945,200,0.17,1.9499844720496895,169,0.15384615384615385,1.5976999023543452,0.16192307692307695,0.15384615384615385
3,atr_14_q1 & bb_width_q1 & macd_hist_q1,359,0.181058495821727,1.9797070050551944,143,0.15384615384615385,1.7646918299092211,160,0.16875,1.7524770803949223,0.16129807692307693,0.15384615384615385
3,dist_ema200_q1 & h_2 & vol_5_20_q4,163,0.2147239263803681,2.3478073165189732,51,0.1568627450980392,1.7992936304956764,65,0.15384615384615385,1.5976999023543452,0.15535444947209653,0.15384615384615385
4,dist_ema200_q1 & h_2 & sess_london_1 & vol_5_20_q4,163,0.2147239263803681,2.3478073165189732,51,0.1568627450980392,1.7992936304956764,65,0.15384615384615385,1.5976999023543452,0.15535444947209653,0.15384615384615385
4,dist_ema200_q1 & h_2 & sess_ny_0 & vol_5_20_q4,163,0.2147239263803681,2.3478073165189732,51,0.1568627450980392,1.7992936304956764,65,0.15384615384615385,1.5976999023543452,0.15535444947209653,0.15384615384615385
4,atr_ratio_q1 & bb_pos_q1 & pos_in_range_20_q1 & sess_ny_0,600,0.16833333333333333,1.8405691358024692,267,0.15355805243445692,1.7613871635610763,287,0.18466898954703834,1.9177965726866617,0.1691135209907476,0.15355805243445692
3,atr_ratio_q1 & pos_in_range_20_q1 & sess_ny_0,727,0.15543328748280605,1.699519078913852,326,0.15337423312883436,1.7592786647868002,334,0.17964071856287425,1.8655777302939958,0.1665074758458543,0.15337423312883436
4,bb_pos_q1 & bb_width_q1 & rsi_14_q1 & sess_ny_0,328,0.1951219512195122,2.133477868112015,163,0.15337423312883436,1.7592786647868002,188,0.15425531914893617,1.6019491042223089,0.15381477613888528,0.15337423312883436
3,dist_ema200_q1 & h_2 & pos_in_range_20_q1,304,0.1875,2.0501388888888887,137,0.15328467153284672,1.7582513487781657,135,0.17037037037037037,1.7693047066812932,0.16182752095160854,0.15328467153284672
4,dist_ema200_q1 & h_2 & pos_in_range_20_q1 & sess_london_1,304,0.1875,2.0501388888888887,137,0.15328467153284672,1.7582513487781657,135,0.17037037037037037,1.7693047066812932,0.16182752095160854,0.15328467153284672
4,dist_ema200_q1 & h_2 & pos_in_range_20_q1 & sess_ny_0,304,0.1875,2.0501388888888887,137,0.15328467153284672,1.7582513487781657,135,0.17037037037037037,1.7693047066812932,0.16182752095160854,0.15328467153284672
4,atr_ratio_q1 & bb_pos_q1 & bb_width_q1 & dist_ema200_q1,143,0.23776223776223776,2.5997099197099196,85,0.15294117647058825,1.7543112897332847,56,0.26785714285714285,2.7817096514205115,0.21039915966386555,0.15294117647058825
4,atr_ratio_q1 & pos_in_range_20_q1 & sess_london_1 & sess_ny_0,428,0.1425233644859813,1.5583610245759778,194,0.17010309278350516,1.9511669975027213,170,0.15294117647058825,1.5883016676346138,0.1615221346270467,0.15294117647058825
4,atr_14_q1 & atr_ratio_q1 & bb_width_q1 & pos_in_range_20_q1,349,0.18624641833810887,2.0364321341398703,157,0.15286624203821655,1.7534517545594808,165,0.21818181818181817,2.2658289524297985,0.18552403011001736,0.15286624203821655
4,atr_ratio_q1 & bb_pos_q1 & rsi_14_q1 & vol_5_20_q2,166,0.1686746987951807,1.844301651048639,72,0.1527777777777778,1.7524370255348516,95,0.18947368421052632,1.9676935639521935,0.17112573099415207,0.1527777777777778
3,bb_pos_q1 & rsi_14_q1 & sess_london_1,1147,0.15954664341761116,1.7444948173980432,563,0.152753108348135,1.752154054918747,587,0.15502555366269166,1.60994802767052,0.15388933100541333,0.152753108348135
4,bb_width_q1 & pos_in_range_20_q1 & range_20_q1 & rsi_14_q1,369,0.16531165311653118,1.8075298604837902,203,0.15270935960591134,1.7516522351069364,236,0.15677966101694915,1.6281645191365255,0.15474451031143024,0.15270935960591134
3,atr_ratio_q1 & bb_pos_q1 & pos_in_range_20_q1,689,0.15965166908563136,1.7456431758318551,334,0.15269461077844312,1.751483058727266,379,0.17678100263852242,1.8358794392488582,0.16473780670848276,0.15269461077844312
3,atr_ratio_q1 & bb_width_q1 & pos_in_range_20_q1,394,0.17766497461928935,1.9426019928558,190,0.15263157894736842,1.7507600523046747,207,0.20772946859903382,2.157280786029176,0.18018052377320112,0.15263157894736842
4,atr_ratio_q1 & bb_width_q1 & dist_ema200_q1 & rsi_14_q1,102,0.23529411764705882,2.572723311546841,59,0.15254237288135594,1.749736814401516,35,0.2,2.077009873060649,0.17627118644067796,0.15254237288135594
4,atr_ratio_q1 & macd_hist_q1 & rsi_14_q1 & sess_london_1,278,0.16546762589928057,1.8092352784439116,138,0.15217391304347827,1.7455103969754253,121,0.19834710743801653,2.059844502208908,0.1752605102407474,0.15217391304347827
4,atr_ratio_q1 & bb_pos_q1 & h_1 & range_20_q1,147,0.21768707482993196,2.380206601158982,46,0.15217391304347827,1.7455103969754253,63,0.19047619047619047,1.9781046410101415,0.17132505175983437,0.15217391304347827
4,atr_ratio_q1 & bb_pos_q1 & macd_hist_q1 & rsi_14_q1,349,0.16332378223495703,1.7857943330149635,171,0.15204678362573099,1.7440521593839668,214,0.17289719626168223,1.7955459183000935,0.1624719899437066,0.15204678362573099
4,atr_ratio_q1 & dist_ema200_q1 & pos_in_range_20_q1 & range_20_q1,138,0.21739130434782608,2.3769726247987117,79,0.1518987341772152,1.7423539586445476,63,0.2857142857142857,2.967156961515212,0.21880650994575046,0.1518987341772152
4,atr_14_q1 & bb_width_q1 & range_20_q1 & rsi_14_q1,318,0.18238993710691823,1.9942650826927555,158,0.1518987341772152,1.7423539586445476,206,0.1650485436893204,1.7140372738850014,0.1584736389332678,0.1518987341772152
3,bb_pos_q1 & h_2 & pos_in_range_20_q1,546,0.16666666666666666,1.8223456790123456,264,0.18181818181818182,2.085544889892716,303,0.15181518151815182,1.5766081544684791,0.16681668166816682,0.15181518151815182
4,bb_pos_q1 & h_2 & pos_in_range_20_q1 & sess_london_1,546,0.16666666666666666,1.8223456790123456,264,0.18181818181818182,2.085544889892716,303,0.15181518151815182,1.5766081544684791,0.16681668166816682,0.15181518151815182
4,bb_pos_q1 & h_2 & pos_in_range_20_q1 & sess_ny_0,546,0.16666666666666666,1.8223456790123456,264,0.18181818181818182,2.085544889892716,303,0.15181518151815182,1.5766081544684791,0.16681668166816682,0.15181518151815182
3,bb_pos_q1 & macd_hist_q1 & sess_london_1,1049,0.15061963775023832,1.6468862761713094,491,0.15274949083503056,1.752112560245917,527,0.15180265654648956,1.5764780820194675,0.15227607369076007,0.15180265654648956
2,bb_pos_q1 & sess_london_1,1619,0.150710315009265,1.647877748038341,759,0.1541501976284585,1.7681793631699112,745,0.15167785234899328,1.5751819842674717,0.1529140249887259,0.15167785234899328
4,bb_pos_q1 & bb_width_q1 & h_2 & vol_5_20_q4,83,0.24096385542168675,2.6347166443551986,33,0.15151515151515152,1.7379540749105966,25,0.36,3.7386177715091673,0.25575757575757574,0.15151515151515152
4,bb_width_q1 & dow_4 & rsi_14_q1 & sess_london_1,84,0.2619047619047619,2.8636860670194006,32,0.25,2.8676242236024843,33,0.15151515151515152,1.573492328076249,0.20075757575757575,0.15151515151515152
4,atr_ratio_q2 & bb_width_q1 & pos_in_range_20_q1 & sess_overlap_1,90,0.18888888888888888,2.0653251028806583,31,0.22580645161290322,2.5901122019635343,33,0.15151515151515152,1.573492328076249,0.18866080156402737,0.15151515151515152
4,atr_ratio_q2 & bb_width_q1 & h_3 & pos_in_range_20_q1,90,0.18888888888888888,2.0653251028806583,31,0.22580645161290322,2.5901122019635343,33,0.15151515151515152,1.573492328076249,0.18866080156402737,0.15151515151515152
4,h_2 & pos_in_range_20_q1 & rsi_14_q1 & vol_5_20_q4,113,0.20353982300884957,2.2255195018026876,46,0.17391304347826086,1.9948690251147716,66,0.15151515151515152,1.573492328076249,0.16271409749670618,0.15151515151515152
4,bb_width_q1 & dist_ema200_q1 & rsi_14_q1 & sess_ny_0,129,0.2248062015503876,2.458047660063164,66,0.15151515151515152,1.7379540749105966,47,0.1702127659574468,1.7676679770728925,0.16086395873629916,0.15151515151515152
4,macd_hist_q1 & pos_in_range_20_q1 & rsi_14_q1 & sess_london_1,773,0.1591203104786546,1.7398332614632745,381,0.16010498687664043,1.8364837547480477,429,0.15151515151515152,1.573492328076249,0.15581006919589596,0.15151515151515152
3,rsi_14_q1 & sess_london_1 & vol_5_20_q2,259,0.14285714285714285,1.562010582010582,136,0.20588235294117646,2.3615728900255752,152,0.1513157894736842,1.5714219434340433,0.17859907120743035,0.1513157894736842
3,rsi_14_q1 & sess_london_1 & sess_ny_0,752,0.17154255319148937,1.8756589834515367,348,0.1724137931034483,1.977671878346541,390,0.15128205128205127,1.5710715706484393,0.1618479221927498,0.15128205128205127
3,bb_pos_q1 & bb_width_q1 & h_2,261,0.19540229885057472,2.1365432098765433,113,0.20353982300884957,2.3347029077117574,86,0.1511627906976744,1.5698330435923507,0.177351306853262,0.1511627906976744
4,bb_pos_q1 & bb_width_q1 & h_2 & sess_london_1,261,0.19540229885057472,2.1365432098765433,113,0.20353982300884957,2.3347029077117574,86,0.1511627906976744,1.5698330435923507,0.177351306853262,0.1511627906976744
4,bb_pos_q1 & bb_width_q1 & h_2 & sess_ny_0,261,0.19540229885057472,2.1365432098765433,113,0.20353982300884957,2.3347029077117574,86,0.1511627906976744,1.5698330435923507,0.177351306853262,0.1511627906976744
4,dow_3 & macd_hist_q1 & rsi_14_q1 & sess_london_1,194,0.17010309278350516,1.8599198167239406,86,0.1511627906976744,1.7339123212480136,141,0.18439716312056736,1.9149736418289667,0.1677799769091209,0.1511627906976744
4,atr_14_q1 & macd_hist_q1 & range_20_q1 & rsi_14_q1,169,0.1834319526627219,2.00565855796625,86,0.1511627906976744,1.7339123212480136,84,0.17857142857142858,1.8544731009470077,0.16486710963455148,0.1511627906976744
3,atr_ratio_q2 & pos_in_range_20_q1 & vol_5_20_q4,210,0.14285714285714285,1.562010582010582,124,0.1532258064516129,1.757576137046684,86,0.1511627906976744,1.5698330435923507,0.15219429857464367,0.1511627906976744
3,pos_in_range_20_q1 & sess_london_1 & sess_ny_0,778,0.15938303341902313,1.7427058935542226,374,0.18181818181818182,2.085544889892716,417,0.1510791366906475,1.5689642925997707,0.16644865925441465,0.1510791366906475
4,bb_pos_q1 & macd_hist_q1 & sess_ny_0 & vol_5_20_q4,224,0.14285714285714285,1.562010582010582,95,0.17894736842105263,2.052615233736515,192,0.15104166666666666,1.5685751645510106,0.16499451754385963,0.15104166666666666
3,macd_hist_q1 & pos_in_range_20_q1 & sess_london_1,930,0.15053763440860216,1.6459896455595382,455,0.15604395604395604,1.7899017131936386,510,0.15098039215686274,1.567938825741862,0.1535121741004094,0.15098039215686274
4,atr_ratio_q1 & macd_hist_q1 & pos_in_range_20_q1 & sess_london_1,252,0.17063492063492064,1.865734861845973,124,0.16129032258064516,1.8500801442596673,126,0.15079365079365079,1.565999507466362,0.15604198668714797,0.15079365079365079
3,atr_ratio_q2 & h_2 & rsi_14_q1,168,0.17857142857142858,1.9525132275132275,84,0.21428571428571427,2.4579636202307005,73,0.1506849315068493,1.564870452305968,0.18248532289628178,0.1506849315068493
4,atr_ratio_q2 & h_2 & rsi_14_q1 & sess_london_1,168,0.17857142857142858,1.9525132275132275,84,0.21428571428571427,2.4579636202307005,73,0.1506849315068493,1.564870452305968,0.18248532289628178,0.1506849315068493
4,atr_ratio_q2 & h_2 & rsi_14_q1 & sess_ny_0,168,0.17857142857142858,1.9525132275132275,84,0.21428571428571427,2.4579636202307005,73,0.1506849315068493,1.564870452305968,0.18248532289628178,0.1506849315068493
4,atr_ratio_q2 & bb_pos_q1 & h_2 & pos_in_range_20_q1,174,0.1781609195402299,1.9480246913580248,76,0.21052631578947367,2.4148414514547234,73,0.1506849315068493,1.564870452305968,0.1806056236481615,0.1506849315068493
4,pos_in_range_20_q1 & rsi_14_q1 & sess_london_1 & sess_ny_0,574,0.1759581881533101,1.923939863208156,263,0.17870722433460076,2.049860661738658,312,0.15064102564102563,1.5644144877219628,0.1646741249878132,0.15064102564102563
4,bb_pos_q1 & pos_in_range_20_q1 & rsi_14_q1 & sess_london_1,1019,0.15996074582924436,1.7490226438410934,511,0.1506849315068493,1.728431038883689,538,0.15055762081784388,1.5635483245159159,0.1506212761623466,0.15055762081784388
4,bb_pos_q1 & dow_3 & rsi_14_q1 & sess_london_1,236,0.1864406779661017,2.038556183301946,93,0.15053763440860216,1.7267414679756896,156,0.16666666666666666,1.7308415608838739,0.1586021505376344,0.15053763440860216
3,atr_14_q1 & bb_pos_q1 & range_20_q1,499,0.18637274549098196,2.037813404586952,226,0.1504424778761062,1.725649975265212,247,0.17408906882591094,1.807923573716759,0.16226577335100856,0.1504424778761062
4,bb_pos_q1 & dow_3 & pos_in_range_20_q1 & vol_5_20_q2,149,0.1610738255033557,1.761193139448173,69,0.15942028985507245,1.8286299396885406,113,0.1504424778761062,1.5623525593819039,0.15493138386558933,0.1504424778761062
4,bb_pos_q1 & dist_ema200_q1 & sess_london_1 & sess_ny_0,378,0.18518518518518517,2.0248285322359396,155,0.18064516129032257,2.0720897615708274,173,0.15028901734104047,1.5607588641496204,0.16546708931568152,0.15028901734104047
4,bb_pos_q1 & pos_in_range_20_q1 & sess_london_1 & sess_ny_0,665,0.16691729323308271,1.8250860484544695,311,0.18006430868167203,2.0654270935271914,366,0.15027322404371585,1.5605948499772633,0.16516876636269395,0.15027322404371585
4,bb_width_q1 & dow_4 & macd_hist_q1 & rsi_14_q1,72,0.3055555555555556,3.340967078189301,21,0.2857142857142857,3.2772848269742676,20,0.15,1.5577574047954865,0.21785714285714286,0.15
3,bb_width_q1 & rsi_14_q1 & sess_overlap_1,104,0.20192307692307693,2.2078418803418804,60,0.15,1.7205745341614904,66,0.22727272727272727,2.3602384921143735,0.18863636363636363,0.15
3,bb_width_q1 & h_3 & rsi_14_q1,104,0.20192307692307693,2.2078418803418804,60,0.15,1.7205745341614904,66,0.22727272727272727,2.3602384921143735,0.18863636363636363,0.15
4,bb_width_q1 & rsi_14_q1 & sess_london_1 & sess_overlap_1,104,0.20192307692307693,2.2078418803418804,60,0.15,1.7205745341614904,66,0.22727272727272727,2.3602384921143735,0.18863636363636363,0.15
4,bb_width_q1 & h_3 & rsi_14_q1 & sess_london_1,104,0.20192307692307693,2.2078418803418804,60,0.15,1.7205745341614904,66,0.22727272727272727,2.3602384921143735,0.18863636363636363,0.15
4,bb_width_q1 & h_3 & rsi_14_q1 & sess_overlap_1,104,0.20192307692307693,2.2078418803418804,60,0.15,1.7205745341614904,66,0.22727272727272727,2.3602384921143735,0.18863636363636363,0.15
4,atr_ratio_q2 & bb_pos_q1 & h_2 & macd_hist_q1,138,0.17391304347826086,1.9015780998389693,65,0.2153846153846154,2.4705685618729096,60,0.15,1.5577574047954865,0.1826923076923077,0.15
4,atr_ratio_q2 & dist_ema200_q1 & h_2 & pos_in_range_20_q1,87,0.21839080459770116,2.3879012345679014,40,0.15,1.7205745341614904,33,0.21212121212121213,2.202889259306749,0.18106060606060606,0.15
4,atr_ratio_q1 & h_1 & macd_hist_q1 & range_20_q1,88,0.18181818181818182,1.988013468013468,40,0.15,1.7205745341614904,40,0.2,2.077009873060649,0.175,0.15
3,atr_ratio_q2 & h_2 & pos_in_range_20_q1,195,0.1794871794871795,1.9625261158594494,87,0.19540229885057472,2.24136146212608,80,0.15,1.5577574047954865,0.17270114942528736,0.15
4,atr_ratio_q2 & h_2 & pos_in_range_20_q1 & sess_london_1,195,0.1794871794871795,1.9625261158594494,87,0.19540229885057472,2.24136146212608,80,0.15,1.5577574047954865,0.17270114942528736,0.15
4,atr_ratio_q2 & h_2 & pos_in_range_20_q1 & sess_ny_0,195,0.1794871794871795,1.9625261158594494,87,0.19540229885057472,2.24136146212608,80,0.15,1.5577574047954865,0.17270114942528736,0.15
4,atr_14_q1 & bb_width_q1 & sess_ny_0 & vol_5_20_q4,294,0.18027210884353742,1.9711085915847821,120,0.15,1.7205745341614904,150,0.16666666666666666,1.7308415608838739,0.15833333333333333,0.15
4,atr_ratio_q1 & dist_ema200_q1 & macd_hist_q1 & rsi_14_q1,132,0.16666666666666666,1.8223456790123456,60,0.15,1.7205745341614904,110,0.16363636363636364,1.6993717143223488,0.1568181818181818,0.15
4,atr_14_q1 & atr_ratio_q2 & h_2 & rsi_14_q1,69,0.18840579710144928,2.060042941492217,43,0.16279069767441862,1.8672901921132457,20,0.15,1.5577574047954865,0.1563953488372093,0.15
4,atr_ratio_q2 & dow_3 & macd_hist_q1 & sess_ny_0,84,0.17857142857142858,1.9525132275132275,40,0.15,1.7205745341614904,51,0.1568627450980392,1.6290273514201166,0.15343137254901962,0.15
