symbol,n_weekends,gap_abs_pct_mean,gap_abs_pct_median,gap_abs_pct_std,gap_abs_pct_p75,gap_abs_pct_p90,gap_abs_pct_p95,gap_pct_mean_signed,pct_significant,pct_continuation,pct_fade,pnl_cont_mean_pct,pnl_cont_win_rate_pct,pnl_cont_sharpe,pnl_fade_mean_pct,pnl_fade_win_rate_pct,pnl_fade_sharpe,oracle_edge_pct,best_naive,best_naive_edge_pct,bias_strength
GBPNOK,260,0.38592196522365013,0.34527050605431664,0.30716997498283627,0.494340722028418,0.6924600039106712,0.872090230424557,-0.3536601116136713,78.84615384615384,53.07692307692308,45.76923076923077,0.002352594468265405,53.07692307692308,0.03439319012952515,-0.002352594468265405,45.76923076923077,-0.03439319012952515,0.38592196522365013,continuation,0.002352594468265405,3.07692307692308
USDNOK,260,0.33506172847518967,0.2923446379592235,0.27419051490903373,0.4379702810714895,0.6982450922884704,0.8258616175697,-0.29335926424347575,73.07692307692307,48.07692307692308,51.53846153846153,-0.059004714974130866,48.07692307692308,-0.9919965177589974,0.059004714974130866,51.53846153846153,0.9919965177589974,0.33506172847518967,fade,0.059004714974130866,1.9230769230769198
EURNOK,260,0.3213211915126374,0.2700823361983274,0.296513532719805,0.406615529547518,0.6698947421143621,0.752211786952754,-0.30954914323214744,71.53846153846153,49.61538461538461,50.38461538461539,-0.02886656099143256,49.61538461538461,-0.4766367526491219,0.02886656099143256,50.38461538461539,0.4766367526491219,0.3213211915126374,fade,0.02886656099143256,0.3846153846153868
XAGUSD,260,0.3204049582078722,0.15648690530459763,0.49298636387325334,0.340424532401449,0.6928832644587452,1.3516817776040444,0.016451550088718785,51.92307692307693,54.230769230769226,44.61538461538462,0.05293216618931429,54.230769230769226,0.6520818253218001,-0.05293216618931429,44.61538461538462,-0.6520818253218001,0.3204049582078722,continuation,0.05293216618931429,4.230769230769226
XAGEUR,260,0.3177885795624321,0.15833300064087122,0.5026692868333456,0.32911621204122143,0.6794825018126999,1.1958567427444302,0.02873840216389653,51.53846153846153,55.769230769230774,44.230769230769226,0.04308756735369833,55.769230769230774,0.5235567649947499,-0.04308756735369833,44.230769230769226,-0.5235567649947499,0.3177885795624321,continuation,0.04308756735369833,5.769230769230774
GBPSEK,260,0.29448840804989157,0.25711413930715943,0.22372968061527873,0.3991894262213171,0.5440647573456809,0.6990313925342777,-0.2553966048747653,73.84615384615385,48.07692307692308,51.153846153846146,-0.01830177662470496,48.07692307692308,-0.35685222689844287,0.01830177662470496,51.153846153846146,0.35685222689844287,0.29448840804989157,fade,0.01830177662470496,1.9230769230769198
USDSEK,260,0.2865427683991498,0.2430858386625013,0.23311077788926435,0.38351549785665195,0.5792803676225983,0.6912978103281594,-0.2364646054332139,70.0,45.38461538461539,54.61538461538461,-0.04296442222897969,45.38461538461539,-0.8435025929850759,0.04296442222897969,54.61538461538461,0.8435025929850759,0.2865427683991498,fade,0.04296442222897969,4.615384615384613
EURZAR,258,0.2848579098757753,0.20508998634288972,0.38104722510043404,0.3747165056893623,0.6235351586377387,0.7445921015636342,-0.17577348072526447,59.30232558139535,51.93798449612403,48.06201550387597,0.010409317089896664,51.93798449612403,0.15770440211019846,-0.010409317089896664,48.06201550387597,-0.15770440211019846,0.2848579098757753,continuation,0.010409317089896664,1.937984496124031
USDZAR,260,0.26929267209392277,0.19839693399329184,0.2781281983568892,0.33571301710449447,0.6328678159006972,0.7857849202335279,-0.17326032229089056,60.38461538461538,46.15384615384615,53.46153846153846,-0.022540284476076113,46.15384615384615,-0.42017643464906806,0.022540284476076113,53.46153846153846,0.42017643464906806,0.26929267209392277,fade,0.022540284476076113,3.8461538461538467
NZDCHF,260,0.24834587406568137,0.21694526101155104,0.19010537865347013,0.34490222743279497,0.48758928077340313,0.5945891838488927,-0.21756747723471204,65.0,51.53846153846153,48.46153846153846,-0.002352136333931352,51.53846153846153,-0.054168164406471264,0.002352136333931352,48.46153846153846,0.054168164406471264,0.24834587406568137,fade,0.002352136333931352,1.538461538461533
EURSEK,260,0.2453774718504514,0.18578513317173506,0.21307971849352653,0.30529413770572855,0.49406061369243265,0.6543948363630977,-0.23200126493204765,61.92307692307693,46.92307692307692,53.07692307692308,-0.04601156859577746,46.92307692307692,-1.0302362390701658,0.04601156859577746,53.07692307692308,1.0302362390701658,0.2453774718504514,fade,0.04601156859577746,3.07692307692308
EURMXN,260,0.23587232889221088,0.15790664327779524,0.26236270755317637,0.27937490264778064,0.513858965581788,0.817335835195183,-0.1965348097889408,52.69230769230769,57.30769230769231,42.69230769230769,-0.007055933575284555,57.30769230769231,-0.14412407550667988,0.007055933575284555,42.69230769230769,0.14412407550667988,0.23587232889221088,fade,0.007055933575284555,7.307692307692307
USDMXN,260,0.22461712736570674,0.1435414095214655,0.2903981942735439,0.2680315850229792,0.4600725623612937,0.699393900832607,-0.1515281247221106,48.84615384615385,53.07692307692308,46.92307692307692,-0.04201707353383921,53.07692307692308,-0.8301656179281252,0.04201707353383921,46.92307692307692,0.8301656179281252,0.22461712736570674,fade,0.04201707353383921,3.07692307692308
USDPLN,260,0.21416498463583006,0.16163756776986823,0.22312972825188934,0.2658263817413177,0.4089304705247545,0.607650075835153,-0.14502003555226023,54.230769230769226,49.61538461538461,50.38461538461539,-0.03702855247113903,49.61538461538461,-0.8688159189187978,0.03702855247113903,50.38461538461539,0.8688159189187978,0.21416498463583006,fade,0.03702855247113903,0.3846153846153868
NZDJPY,260,0.20987406163119773,0.159606083756415,0.19537702157258438,0.2914056563484349,0.4368487329830594,0.5734278777825752,-0.1405230221294605,53.46153846153846,43.07692307692308,56.53846153846154,-0.042353356632902,43.07692307692308,-1.075852182515257,0.042353356632902,56.53846153846154,1.075852182515257,0.20987406163119773,fade,0.042353356632902,6.92307692307692
AUDCHF,260,0.20873288141134957,0.18061281600111656,0.17619320599376578,0.28297039364652,0.40329762057430774,0.48543766654875364,-0.1720060516258065,60.0,50.76923076923077,48.46153846153846,0.010614745203460188,50.76923076923077,0.28197592137267175,-0.010614745203460188,48.46153846153846,-0.28197592137267175,0.20873288141134957,continuation,0.010614745203460188,0.7692307692307665
NZDSGD,260,0.20214761550514596,0.16145947855954856,0.18139252605818515,0.259078922110959,0.3956847625427039,0.49140132135699666,-0.1574314866549274,53.84615384615385,52.307692307692314,47.69230769230769,-0.005085250927675507,52.307692307692314,-0.13489492014369922,0.005085250927675507,47.69230769230769,0.13489492014369922,0.20214761550514596,fade,0.005085250927675507,2.3076923076923137
XAUEUR,260,0.18042869154261973,0.07798560645815932,0.3013375246380687,0.19678525556649634,0.4225411614480836,0.6689337099306459,0.03455195418405717,34.23076923076923,48.46153846153846,50.0,0.005914487089180143,48.46153846153846,0.12138758740694598,-0.005914487089180143,50.0,-0.12138758740694598,0.18042869154261973,continuation,0.005914487089180143,1.53846153846154
CADCHF,260,0.1791401799038447,0.14733845320471028,0.14748101255810997,0.24651232531731848,0.3569368591043994,0.445043769260763,-0.15635551158987154,48.84615384615385,55.00000000000001,44.61538461538462,0.008272223096504357,55.00000000000001,0.25698585858446565,-0.008272223096504357,44.61538461538462,-0.25698585858446565,0.1791401799038447,continuation,0.008272223096504357,5.000000000000007
AUDJPY,260,0.1782763061843853,0.1318230309145373,0.196369882996051,0.2028629157445128,0.36363855808984824,0.5377953216552617,-0.11077065079611775,43.46153846153846,41.15384615384615,58.46153846153847,-0.043028054554607495,41.15384615384615,-1.1886628133855186,0.043028054554607495,58.46153846153847,1.1886628133855186,0.1782763061843853,fade,0.043028054554607495,8.846153846153847
SGDJPY,260,0.17385365306722184,0.11904119795820059,0.17711416303733593,0.20153057191420232,0.34160102690939786,0.49397678215343943,-0.10952299657982732,41.15384615384615,51.53846153846153,48.46153846153846,0.0028256327592579285,51.53846153846153,0.08202826622699298,-0.0028256327592579285,48.46153846153846,-0.08202826622699298,0.17385365306722184,continuation,0.0028256327592579285,1.538461538461533
XAUUSD,260,0.16761220873907887,0.07537076239781909,0.2542044900314284,0.2007253744743431,0.39653211828342283,0.6218891569884635,0.026581615057248573,30.384615384615383,51.53846153846153,48.07692307692308,0.010585223845334167,51.53846153846153,0.2508049750704277,-0.010585223845334167,48.07692307692308,-0.2508049750704277,0.16761220873907887,continuation,0.010585223845334167,1.538461538461533
NZDCAD,260,0.1643530576780174,0.14478798366798776,0.12078330231583864,0.2186398093252245,0.3159811486361582,0.3561285516927951,-0.13734070438875856,47.30769230769231,46.53846153846154,53.07692307692308,-0.012356193719827886,46.53846153846154,-0.43711197454208595,0.012356193719827886,53.07692307692308,0.43711197454208595,0.1643530576780174,fade,0.012356193719827886,3.46153846153846
EURPLN,260,0.16176306059059678,0.10313266980262548,0.20330667022751386,0.1837904779280281,0.3863416064019251,0.5198083699682514,-0.13270928862683565,35.76923076923077,51.53846153846153,48.46153846153846,-0.013264686674278955,51.53846153846153,-0.36837254462841895,0.013264686674278955,48.46153846153846,0.36837254462841895,0.16176306059059678,fade,0.013264686674278955,1.538461538461533
GBPCHF,260,0.15898644635671744,0.1410428662192149,0.13303073957416053,0.21072860462628895,0.30942323742222305,0.3839257957381107,-0.13255354080070036,44.61538461538462,51.53846153846153,47.69230769230769,0.003042684012583493,51.53846153846153,0.10580291120680478,-0.003042684012583493,47.69230769230769,-0.10580291120680478,0.15898644635671744,continuation,0.003042684012583493,1.538461538461533
NZDUSD,260,0.15749221246637582,0.11415683368961285,0.15795929366449918,0.20766420731599972,0.3190282235072578,0.40272721319594584,-0.11232944114424395,38.07692307692307,44.61538461538462,55.00000000000001,-0.029308627690611513,44.61538461538462,-0.9548838963101682,0.029308627690611513,55.00000000000001,0.9548838963101682,0.15749221246637582,fade,0.029308627690611513,5.38461538461538
AUDSGD,260,0.1556619468863243,0.13005930104543384,0.13062578303860534,0.20429996592547303,0.2841902884842462,0.3714887441243191,-0.11683290822191135,43.84615384615385,54.230769230769226,45.38461538461539,0.014616106804833315,54.230769230769226,0.5194311470405696,-0.014616106804833315,45.38461538461539,-0.5194311470405696,0.1556619468863243,continuation,0.014616106804833315,4.230769230769226
CHFJPY,261,0.1529956997836201,0.11274030206624348,0.24133960007961774,0.18763613978595206,0.2840729388898152,0.3483519806471082,-0.10478506440169334,36.015325670498086,46.36015325670498,53.25670498084292,-0.030811415697271673,46.36015325670498,-0.7816922512936768,0.030811415697271673,53.25670498084292,0.7816922512936768,0.1529956997836201,fade,0.030811415697271673,3.639846743295017
GBPNZD,260,0.14995543044949478,0.1257696578223173,0.12700164181114448,0.20840094047253369,0.3115174153385062,0.3784999686964804,-0.10914990461547946,41.92307692307693,44.61538461538462,55.38461538461539,-0.02506173359284629,44.61538461538462,-0.9262067003973901,0.02506173359284629,55.38461538461539,0.9262067003973901,0.14995543044949478,fade,0.02506173359284629,5.38461538461538
GBPSGD,260,0.1368996093751643,0.11000491986661072,0.1144890958550639,0.18458447720004223,0.27497807379411293,0.3469589100767032,-0.10760303714885587,37.30769230769231,53.07692307692308,46.53846153846154,0.015296301642133504,53.07692307692308,0.6196541350380842,-0.015296301642133504,46.53846153846154,-0.6196541350380842,0.1368996093751643,continuation,0.015296301642133504,3.07692307692308
GBPJPY,260,0.13670056594549554,0.09749077763766092,0.16126602032043777,0.15288680737689853,0.31016133838615156,0.4182383064933143,-0.07847105184180138,26.153846153846157,47.30769230769231,52.69230769230769,-0.004761258067952679,47.30769230769231,-0.16231551333411684,0.004761258067952679,52.69230769230769,0.16231551333411684,0.13670056594549554,fade,0.004761258067952679,2.6923076923076934
AUDCAD,260,0.13441726592494785,0.11324962441230772,0.12573864055026007,0.1750734795461633,0.25479312407090365,0.343719692100401,-0.10094607372246785,35.0,51.92307692307693,47.69230769230769,0.006671084526803779,51.92307692307693,0.26127127326841315,-0.006671084526803779,47.69230769230769,-0.26127127326841315,0.13441726592494785,continuation,0.006671084526803779,1.923076923076927
CADJPY,260,0.1319281833525025,0.08016112439425055,0.18352867596145037,0.1470084357039649,0.2803282496131998,0.4600310400069637,-0.0686007189204583,24.23076923076923,45.76923076923077,54.230769230769226,-0.011584101682236194,45.76923076923077,-0.36982177461290017,0.011584101682236194,54.230769230769226,0.36982177461290017,0.1319281833525025,fade,0.011584101682236194,4.2307692307692335
EURNZD,260,0.13045021612733637,0.10056407218106408,0.11821337563951215,0.18004674604135867,0.27919843880240514,0.33587080378933487,-0.07715128562807791,33.46153846153846,41.15384615384615,58.84615384615385,-0.03979358635037766,41.15384615384615,-1.6716350805571776,0.03979358635037766,58.84615384615385,1.6716350805571776,0.13045021612733637,fade,0.03979358635037766,8.846153846153847
AUDUSD,260,0.13010889354061395,0.08925683160772149,0.15703965142707693,0.15464104605665926,0.2325811439074216,0.40284156465001647,-0.07795608734823245,26.53846153846154,44.230769230769226,55.38461538461539,-0.013935786804868146,44.230769230769226,-0.4935345609012973,0.013935786804868146,55.38461538461539,0.4935345609012973,0.13010889354061395,fade,0.013935786804868146,5.769230769230774
EURJPY,260,0.12786894253390982,0.07599362548102559,0.18786428024256563,0.1308972806592416,0.2932591491833364,0.39761242292840887,-0.06634880870289138,20.76923076923077,44.230769230769226,55.38461538461539,-0.010693039313806458,44.230769230769226,-0.3394786694677935,0.010693039313806458,55.38461538461539,0.3394786694677935,0.12786894253390982,fade,0.010693039313806458,5.769230769230774
EURCHF,260,0.1274754127280653,0.09616654031300786,0.1453307274113058,0.16056544421653213,0.24716671563880588,0.308850580250602,-0.10342696692380693,28.076923076923077,45.38461538461539,54.230769230769226,-0.004485417113488766,45.38461538461539,-0.16722071377946088,0.004485417113488766,54.230769230769226,0.16722071377946088,0.1274754127280653,fade,0.004485417113488766,4.615384615384613
USDCHF,260,0.12689830585300915,0.10446169818778497,0.10941676984848202,0.1814139439411735,0.259169463851933,0.318237222289808,-0.09555365550486541,31.538461538461537,41.92307692307693,57.30769230769231,-0.03001819405414343,41.92307692307693,-1.311716499794233,0.03001819405414343,57.30769230769231,1.311716499794233,0.12689830585300915,fade,0.03001819405414343,8.076923076923073
EURSGD,260,0.12315715617149901,0.08680395012363085,0.12246752633756854,0.16295806450081382,0.28400888194349616,0.3608860393629605,-0.08734775904451611,28.076923076923077,50.38461538461539,49.61538461538461,-0.00253210118147212,50.38461538461539,-0.10503864367315037,0.00253210118147212,49.61538461538461,0.10503864367315037,0.12315715617149901,fade,0.00253210118147212,0.3846153846153868
HKDJPY,260,0.12227084672139604,0.07937542067594452,0.15633692712925276,0.1499688866862035,0.23048531260727118,0.37477916333502137,-0.0614145033835594,25.0,45.0,52.307692307692314,-0.006948327129847599,45.0,-0.2524321948531365,0.006948327129847599,52.307692307692314,0.2524321948531365,0.12227084672139604,fade,0.006948327129847599,5.0
GBPAUD,260,0.11140916725634638,0.086959573034497,0.09719271147059311,0.15672635953549077,0.2158903545119994,0.26869591248244074,-0.063290377779029,27.307692307692307,43.84615384615385,55.769230769230774,-0.015783751344061694,43.84615384615385,-0.7734285078322956,0.015783751344061694,55.769230769230774,0.7734285078322956,0.11140916725634638,fade,0.015783751344061694,6.153846153846153
GBPCAD,260,0.11118001761515552,0.08839616179972049,0.10137302788788201,0.1479263494255852,0.20695309016040425,0.25813610482226906,-0.07446746926431469,23.846153846153847,45.38461538461539,54.230769230769226,-0.013251809659747786,45.38461538461539,-0.636941416360418,0.013251809659747786,54.230769230769226,0.636941416360418,0.11118001761515552,fade,0.013251809659747786,4.615384615384613
USDJPY,260,0.10493966628059344,0.06384005999730227,0.15514617281185952,0.1102515701722297,0.19250180154303595,0.4007687786808939,-0.03807463237495223,16.538461538461537,43.84615384615385,55.769230769230774,-0.008918699748164288,43.84615384615385,-0.3435485311157311,0.008918699748164288,55.769230769230774,0.3435485311157311,0.10493966628059344,fade,0.008918699748164288,6.153846153846153
AUDNZD,260,0.10470580445917568,0.08347777127667452,0.09203842260257851,0.13688281888715526,0.20519520559914184,0.2521348569544846,-0.07247292395415039,20.76923076923077,45.0,54.230769230769226,-0.02380117991823953,45.0,-1.2513789243023454,0.02380117991823953,54.230769230769226,1.2513789243023454,0.10470580445917568,fade,0.02380117991823953,5.0
GBPUSD,260,0.10219937409212211,0.07062363407348335,0.11995038469759646,0.10910368654767535,0.20837754613619816,0.36139698916466506,-0.060074128329346936,17.692307692307693,46.92307692307692,53.07692307692308,0.0015232033331741028,46.92307692307692,0.06964895962300496,-0.0015232033331741028,53.07692307692308,-0.06964895962300496,0.10219937409212211,continuation,0.0015232033331741028,3.07692307692308
EURCAD,260,0.10063981137142225,0.07466453560091288,0.10764722672032426,0.11573348426104905,0.2065785818732392,0.314836707584038,-0.06826976987786951,18.076923076923077,43.07692307692308,56.15384615384615,-0.016542341681519745,43.07692307692308,-0.8142933886380357,0.016542341681519745,56.15384615384615,0.8142933886380357,0.10063981137142225,fade,0.016542341681519745,6.92307692307692
EURHKD,260,0.09783158044037063,0.052966202512484545,0.15588239781434027,0.09360026466494802,0.2235294731987439,0.392997828914938,-0.05171736387501476,13.846153846153847,46.92307692307692,53.07692307692308,-0.015946763043732857,46.92307692307692,-0.6268573041695763,0.015946763043732857,53.07692307692308,0.6268573041695763,0.09783158044037063,fade,0.015946763043732857,3.07692307692308
EURAUD,260,0.09326822417757893,0.06776649922959874,0.10307073638591069,0.11165239087680776,0.19538651075613542,0.26423482555397776,-0.0375316861697225,14.23076923076923,41.15384615384615,58.07692307692308,-0.014125831837626378,41.15384615384615,-0.7359789290165303,0.014125831837626378,58.07692307692308,0.7359789290165303,0.09326822417757893,fade,0.014125831837626378,8.846153846153847
EURUSD,260,0.09087685242529737,0.04325751198945762,0.15099975941480093,0.08149633871079014,0.19784424426102473,0.39687368911980786,-0.038656535753119725,13.846153846153847,45.38461538461539,53.84615384615385,-0.007833018845239898,45.38461538461539,-0.3206573459383578,0.007833018845239898,53.84615384615385,0.3206573459383578,0.09087685242529737,fade,0.007833018845239898,4.615384615384613
EURGBP,260,0.08966856233742367,0.062067669731314765,0.09598936586643829,0.11089010758490536,0.18389161162709877,0.2448557366196023,-0.060789795734639926,15.0,44.230769230769226,55.00000000000001,-0.01677859485092556,44.230769230769226,-0.9298600128763532,0.01677859485092556,55.00000000000001,0.9298600128763532,0.08966856233742367,fade,0.01677859485092556,5.769230769230774
USDSGD,260,0.08650431086566303,0.05516275504310744,0.09605834669168865,0.10616201233093021,0.18537052592978948,0.28879580037057284,-0.045368707600280965,13.846153846153847,47.69230769230769,52.307692307692314,-0.017494206439861357,47.69230769230769,-0.9841300506942361,0.017494206439861357,52.307692307692314,0.9841300506942361,0.08650431086566303,fade,0.017494206439861357,2.3076923076923066
USDCAD,260,0.07700156552366323,0.06138970703201459,0.09759196886804093,0.09479057280436312,0.15041402205464952,0.19211840532179286,-0.03569392691938828,10.0,41.92307692307693,57.692307692307686,-0.01475715899458504,41.92307692307693,-0.8615591343297011,0.01475715899458504,57.692307692307686,0.8615591343297011,0.07700156552366323,fade,0.01475715899458504,8.076923076923073
USDHKD,260,0.012418049710627812,0.007231210965304562,0.019757733560517066,0.014156911755625348,0.025594307946450057,0.03439534554080454,-0.010150935596804243,0.7692307692307693,38.84615384615385,60.38461538461538,-0.004971211396887462,38.84615384615385,-1.5714866124188456,0.004971211396887462,60.38461538461538,1.5714866124188456,0.012418049710627812,fade,0.004971211396887462,11.153846153846153
